[{
  "_id": {
    "$oid": "5f2cf2eb6c25e7357c10a755"
  },
  "word": "2g1c"
},{
  "_id": {
    "$oid": "5f2cf2eb6c25e7357c10a756"
  },
  "word": "2 girls 1 cup"
},{
  "_id": {
    "$oid": "5f2cf2eb6c25e7357c10a757"
  },
  "word": "acrotomophilia"
},{
  "_id": {
    "$oid": "5f2cf2eb6c25e7357c10a758"
  },
  "word": "alabama hot pocket"
},{
  "_id": {
    "$oid": "5f2cf2eb6c25e7357c10a759"
  },
  "word": "alaskan pipeline"
},{
  "_id": {
    "$oid": "5f2cf2eb6c25e7357c10a75a"
  },
  "word": "anal"
},{
  "_id": {
    "$oid": "5f2cf2eb6c25e7357c10a75b"
  },
  "word": "anilingus"
},{
  "_id": {
    "$oid": "5f2cf2eb6c25e7357c10a75c"
  },
  "word": "anus"
},{
  "_id": {
    "$oid": "5f2cf2eb6c25e7357c10a75d"
  },
  "word": "apeshit"
},{
  "_id": {
    "$oid": "5f2cf2eb6c25e7357c10a75e"
  },
  "word": "arsehole"
},{
  "_id": {
    "$oid": "5f2cf2eb6c25e7357c10a75f"
  },
  "word": "ass"
},{
  "_id": {
    "$oid": "5f2cf2eb6c25e7357c10a760"
  },
  "word": "asshole"
},{
  "_id": {
    "$oid": "5f2cf2eb6c25e7357c10a761"
  },
  "word": "assmunch"
},{
  "_id": {
    "$oid": "5f2cf2eb6c25e7357c10a762"
  },
  "word": "auto erotic"
},{
  "_id": {
    "$oid": "5f2cf2eb6c25e7357c10a763"
  },
  "word": "autoerotic"
},{
  "_id": {
    "$oid": "5f2cf2eb6c25e7357c10a764"
  },
  "word": "babeland"
},{
  "_id": {
    "$oid": "5f2cf2eb6c25e7357c10a765"
  },
  "word": "baby batter"
},{
  "_id": {
    "$oid": "5f2cf2eb6c25e7357c10a766"
  },
  "word": "baby juice"
},{
  "_id": {
    "$oid": "5f2cf2eb6c25e7357c10a767"
  },
  "word": "ball gag"
},{
  "_id": {
    "$oid": "5f2cf2eb6c25e7357c10a768"
  },
  "word": "ball gravy"
},{
  "_id": {
    "$oid": "5f2cf2eb6c25e7357c10a769"
  },
  "word": "ball kicking"
},{
  "_id": {
    "$oid": "5f2cf2eb6c25e7357c10a76a"
  },
  "word": "ball licking"
},{
  "_id": {
    "$oid": "5f2cf2eb6c25e7357c10a76b"
  },
  "word": "ball sack"
},{
  "_id": {
    "$oid": "5f2cf2eb6c25e7357c10a76c"
  },
  "word": "ballsack"
},{
  "_id": {
    "$oid": "5f2cf2eb6c25e7357c10a76d"
  },
  "word": "ball sucking"
},{
  "_id": {
    "$oid": "5f2cf2eb6c25e7357c10a76e"
  },
  "word": "bangbros"
},{
  "_id": {
    "$oid": "5f2cf2eb6c25e7357c10a76f"
  },
  "word": "bareback"
},{
  "_id": {
    "$oid": "5f2cf2eb6c25e7357c10a770"
  },
  "word": "barely legal"
},{
  "_id": {
    "$oid": "5f2cf2eb6c25e7357c10a771"
  },
  "word": "barenaked"
},{
  "_id": {
    "$oid": "5f2cf2eb6c25e7357c10a772"
  },
  "word": "bastard"
},{
  "_id": {
    "$oid": "5f2cf2eb6c25e7357c10a773"
  },
  "word": "bastardo"
},{
  "_id": {
    "$oid": "5f2cf2eb6c25e7357c10a774"
  },
  "word": "bastinado"
},{
  "_id": {
    "$oid": "5f2cf2eb6c25e7357c10a775"
  },
  "word": "bbw"
},{
  "_id": {
    "$oid": "5f2cf2eb6c25e7357c10a776"
  },
  "word": "bdsm"
},{
  "_id": {
    "$oid": "5f2cf2eb6c25e7357c10a777"
  },
  "word": "beaner"
},{
  "_id": {
    "$oid": "5f2cf2eb6c25e7357c10a778"
  },
  "word": "beaners"
},{
  "_id": {
    "$oid": "5f2cf2eb6c25e7357c10a779"
  },
  "word": "beaver cleaver"
},{
  "_id": {
    "$oid": "5f2cf2eb6c25e7357c10a77a"
  },
  "word": "beaver lips"
},{
  "_id": {
    "$oid": "5f2cf2eb6c25e7357c10a77b"
  },
  "word": "bestiality"
},{
  "_id": {
    "$oid": "5f2cf2eb6c25e7357c10a77c"
  },
  "word": "big black"
},{
  "_id": {
    "$oid": "5f2cf2eb6c25e7357c10a77d"
  },
  "word": "big breasts"
},{
  "_id": {
    "$oid": "5f2cf2eb6c25e7357c10a77e"
  },
  "word": "big knockers"
},{
  "_id": {
    "$oid": "5f2cf2eb6c25e7357c10a77f"
  },
  "word": "big tits"
},{
  "_id": {
    "$oid": "5f2cf2eb6c25e7357c10a780"
  },
  "word": "bimbos"
},{
  "_id": {
    "$oid": "5f2cf2eb6c25e7357c10a781"
  },
  "word": "birdlock"
},{
  "_id": {
    "$oid": "5f2cf2eb6c25e7357c10a782"
  },
  "word": "bitch"
},{
  "_id": {
    "$oid": "5f2cf2eb6c25e7357c10a783"
  },
  "word": "bitches"
},{
  "_id": {
    "$oid": "5f2cf2eb6c25e7357c10a784"
  },
  "word": "black cock"
},{
  "_id": {
    "$oid": "5f2cf2eb6c25e7357c10a785"
  },
  "word": "blonde action"
},{
  "_id": {
    "$oid": "5f2cf2eb6c25e7357c10a786"
  },
  "word": "blonde on blonde action"
},{
  "_id": {
    "$oid": "5f2cf2eb6c25e7357c10a787"
  },
  "word": "blowjob"
},{
  "_id": {
    "$oid": "5f2cf2eb6c25e7357c10a788"
  },
  "word": "blow job"
},{
  "_id": {
    "$oid": "5f2cf2eb6c25e7357c10a789"
  },
  "word": "blow your load"
},{
  "_id": {
    "$oid": "5f2cf2eb6c25e7357c10a78a"
  },
  "word": "blue waffle"
},{
  "_id": {
    "$oid": "5f2cf2eb6c25e7357c10a78b"
  },
  "word": "blumpkin"
},{
  "_id": {
    "$oid": "5f2cf2eb6c25e7357c10a78c"
  },
  "word": "bollocks"
},{
  "_id": {
    "$oid": "5f2cf2eb6c25e7357c10a78d"
  },
  "word": "bondage"
},{
  "_id": {
    "$oid": "5f2cf2eb6c25e7357c10a78e"
  },
  "word": "boner"
},{
  "_id": {
    "$oid": "5f2cf2eb6c25e7357c10a78f"
  },
  "word": "boob"
},{
  "_id": {
    "$oid": "5f2cf2eb6c25e7357c10a790"
  },
  "word": "boobs"
},{
  "_id": {
    "$oid": "5f2cf2eb6c25e7357c10a791"
  },
  "word": "booty"
},{
  "_id": {
    "$oid": "5f2cf2eb6c25e7357c10a792"
  },
  "word": "booty call"
},{
  "_id": {
    "$oid": "5f2cf2eb6c25e7357c10a793"
  },
  "word": "brown showers"
},{
  "_id": {
    "$oid": "5f2cf2eb6c25e7357c10a794"
  },
  "word": "brunette action"
},{
  "_id": {
    "$oid": "5f2cf2eb6c25e7357c10a795"
  },
  "word": "bukkake"
},{
  "_id": {
    "$oid": "5f2cf2eb6c25e7357c10a796"
  },
  "word": "bulldyke"
},{
  "_id": {
    "$oid": "5f2cf2eb6c25e7357c10a797"
  },
  "word": "bullet vibe"
},{
  "_id": {
    "$oid": "5f2cf2eb6c25e7357c10a798"
  },
  "word": "bullshit"
},{
  "_id": {
    "$oid": "5f2cf2eb6c25e7357c10a799"
  },
  "word": "bung hole"
},{
  "_id": {
    "$oid": "5f2cf2eb6c25e7357c10a79a"
  },
  "word": "bunghole"
},{
  "_id": {
    "$oid": "5f2cf2eb6c25e7357c10a79b"
  },
  "word": "busty"
},{
  "_id": {
    "$oid": "5f2cf2eb6c25e7357c10a79c"
  },
  "word": "butt"
},{
  "_id": {
    "$oid": "5f2cf2eb6c25e7357c10a79d"
  },
  "word": "buttcheeks"
},{
  "_id": {
    "$oid": "5f2cf2eb6c25e7357c10a79e"
  },
  "word": "butthole"
},{
  "_id": {
    "$oid": "5f2cf2eb6c25e7357c10a79f"
  },
  "word": "cameltoe"
},{
  "_id": {
    "$oid": "5f2cf2eb6c25e7357c10a7a0"
  },
  "word": "camel toe"
},{
  "_id": {
    "$oid": "5f2cf2eb6c25e7357c10a7a1"
  },
  "word": "camgirl"
},{
  "_id": {
    "$oid": "5f2cf2eb6c25e7357c10a7a2"
  },
  "word": "cam girl"
},{
  "_id": {
    "$oid": "5f2cf2eb6c25e7357c10a7a3"
  },
  "word": "camslut"
},{
  "_id": {
    "$oid": "5f2cf2eb6c25e7357c10a7a4"
  },
  "word": "cam slut"
},{
  "_id": {
    "$oid": "5f2cf2eb6c25e7357c10a7a5"
  },
  "word": "camwhore"
},{
  "_id": {
    "$oid": "5f2cf2eb6c25e7357c10a7a6"
  },
  "word": "cam whore"
},{
  "_id": {
    "$oid": "5f2cf2eb6c25e7357c10a7a7"
  },
  "word": "carpet muncher"
},{
  "_id": {
    "$oid": "5f2cf2eb6c25e7357c10a7a8"
  },
  "word": "carpetmuncher"
},{
  "_id": {
    "$oid": "5f2cf2eb6c25e7357c10a7a9"
  },
  "word": "chocolate rosebuds"
},{
  "_id": {
    "$oid": "5f2cf2eb6c25e7357c10a7aa"
  },
  "word": "circlejerk"
},{
  "_id": {
    "$oid": "5f2cf2eb6c25e7357c10a7ab"
  },
  "word": "cleveland steamer"
},{
  "_id": {
    "$oid": "5f2cf2eb6c25e7357c10a7ac"
  },
  "word": "clit"
},{
  "_id": {
    "$oid": "5f2cf2eb6c25e7357c10a7ad"
  },
  "word": "clitoris"
},{
  "_id": {
    "$oid": "5f2cf2eb6c25e7357c10a7ae"
  },
  "word": "clover clamps"
},{
  "_id": {
    "$oid": "5f2cf2eb6c25e7357c10a7af"
  },
  "word": "clusterfuck"
},{
  "_id": {
    "$oid": "5f2cf2eb6c25e7357c10a7b0"
  },
  "word": "cock"
},{
  "_id": {
    "$oid": "5f2cf2eb6c25e7357c10a7b1"
  },
  "word": "cocks"
},{
  "_id": {
    "$oid": "5f2cf2eb6c25e7357c10a7b2"
  },
  "word": "coprolagnia"
},{
  "_id": {
    "$oid": "5f2cf2eb6c25e7357c10a7b3"
  },
  "word": "coprophilia"
},{
  "_id": {
    "$oid": "5f2cf2eb6c25e7357c10a7b4"
  },
  "word": "cornhole"
},{
  "_id": {
    "$oid": "5f2cf2eb6c25e7357c10a7b5"
  },
  "word": "coon"
},{
  "_id": {
    "$oid": "5f2cf2eb6c25e7357c10a7b6"
  },
  "word": "coons"
},{
  "_id": {
    "$oid": "5f2cf2eb6c25e7357c10a7b7"
  },
  "word": "creampie"
},{
  "_id": {
    "$oid": "5f2cf2eb6c25e7357c10a7b8"
  },
  "word": "cum"
},{
  "_id": {
    "$oid": "5f2cf2eb6c25e7357c10a7b9"
  },
  "word": "cumming"
},{
  "_id": {
    "$oid": "5f2cf2eb6c25e7357c10a7ba"
  },
  "word": "cunnilingus"
},{
  "_id": {
    "$oid": "5f2cf2eb6c25e7357c10a7bb"
  },
  "word": "cunt"
},{
  "_id": {
    "$oid": "5f2cf2eb6c25e7357c10a7bc"
  },
  "word": "darkie"
},{
  "_id": {
    "$oid": "5f2cf2eb6c25e7357c10a7bd"
  },
  "word": "date rape"
},{
  "_id": {
    "$oid": "5f2cf2eb6c25e7357c10a7be"
  },
  "word": "daterape"
},{
  "_id": {
    "$oid": "5f2cf2eb6c25e7357c10a7bf"
  },
  "word": "deep throat"
},{
  "_id": {
    "$oid": "5f2cf2eb6c25e7357c10a7c0"
  },
  "word": "deepthroat"
},{
  "_id": {
    "$oid": "5f2cf2eb6c25e7357c10a7c1"
  },
  "word": "dendrophilia"
},{
  "_id": {
    "$oid": "5f2cf2eb6c25e7357c10a7c2"
  },
  "word": "dick"
},{
  "_id": {
    "$oid": "5f2cf2eb6c25e7357c10a7c3"
  },
  "word": "dildo"
},{
  "_id": {
    "$oid": "5f2cf2eb6c25e7357c10a7c4"
  },
  "word": "dingleberry"
},{
  "_id": {
    "$oid": "5f2cf2eb6c25e7357c10a7c5"
  },
  "word": "dingleberries"
},{
  "_id": {
    "$oid": "5f2cf2eb6c25e7357c10a7c6"
  },
  "word": "dirty pillows"
},{
  "_id": {
    "$oid": "5f2cf2eb6c25e7357c10a7c7"
  },
  "word": "dirty sanchez"
},{
  "_id": {
    "$oid": "5f2cf2eb6c25e7357c10a7c8"
  },
  "word": "doggie style"
},{
  "_id": {
    "$oid": "5f2cf2eb6c25e7357c10a7c9"
  },
  "word": "doggiestyle"
},{
  "_id": {
    "$oid": "5f2cf2eb6c25e7357c10a7ca"
  },
  "word": "doggy style"
},{
  "_id": {
    "$oid": "5f2cf2eb6c25e7357c10a7cb"
  },
  "word": "doggystyle"
},{
  "_id": {
    "$oid": "5f2cf2eb6c25e7357c10a7cc"
  },
  "word": "dog style"
},{
  "_id": {
    "$oid": "5f2cf2eb6c25e7357c10a7cd"
  },
  "word": "dolcett"
},{
  "_id": {
    "$oid": "5f2cf2eb6c25e7357c10a7cf"
  },
  "word": "dominatrix"
},{
  "_id": {
    "$oid": "5f2cf2eb6c25e7357c10a7d0"
  },
  "word": "dommes"
},{
  "_id": {
    "$oid": "5f2cf2eb6c25e7357c10a7d1"
  },
  "word": "donkey punch"
},{
  "_id": {
    "$oid": "5f2cf2eb6c25e7357c10a7d2"
  },
  "word": "double dong"
},{
  "_id": {
    "$oid": "5f2cf2eb6c25e7357c10a7d3"
  },
  "word": "double penetration"
},{
  "_id": {
    "$oid": "5f2cf2eb6c25e7357c10a7d4"
  },
  "word": "dp action"
},{
  "_id": {
    "$oid": "5f2cf2eb6c25e7357c10a7d5"
  },
  "word": "dry hump"
},{
  "_id": {
    "$oid": "5f2cf2eb6c25e7357c10a7d6"
  },
  "word": "dvda"
},{
  "_id": {
    "$oid": "5f2cf2eb6c25e7357c10a7d7"
  },
  "word": "eat my ass"
},{
  "_id": {
    "$oid": "5f2cf2eb6c25e7357c10a7d8"
  },
  "word": "ecchi"
},{
  "_id": {
    "$oid": "5f2cf2eb6c25e7357c10a7d9"
  },
  "word": "ejaculation"
},{
  "_id": {
    "$oid": "5f2cf2eb6c25e7357c10a7da"
  },
  "word": "erotic"
},{
  "_id": {
    "$oid": "5f2cf2eb6c25e7357c10a7db"
  },
  "word": "erotism"
},{
  "_id": {
    "$oid": "5f2cf2eb6c25e7357c10a7dc"
  },
  "word": "escort"
},{
  "_id": {
    "$oid": "5f2cf2eb6c25e7357c10a7dd"
  },
  "word": "eunuch"
},{
  "_id": {
    "$oid": "5f2cf2eb6c25e7357c10a7de"
  },
  "word": "faggot"
},{
  "_id": {
    "$oid": "5f2cf2eb6c25e7357c10a7df"
  },
  "word": "fecal"
},{
  "_id": {
    "$oid": "5f2cf2eb6c25e7357c10a7e0"
  },
  "word": "felch"
},{
  "_id": {
    "$oid": "5f2cf2eb6c25e7357c10a7e1"
  },
  "word": "fellatio"
},{
  "_id": {
    "$oid": "5f2cf2eb6c25e7357c10a7e2"
  },
  "word": "feltch"
},{
  "_id": {
    "$oid": "5f2cf2eb6c25e7357c10a7e3"
  },
  "word": "female squirting"
},{
  "_id": {
    "$oid": "5f2cf2eb6c25e7357c10a7e4"
  },
  "word": "femdom"
},{
  "_id": {
    "$oid": "5f2cf2eb6c25e7357c10a7e5"
  },
  "word": "figging"
},{
  "_id": {
    "$oid": "5f2cf2eb6c25e7357c10a7e6"
  },
  "word": "fingerbang"
},{
  "_id": {
    "$oid": "5f2cf2eb6c25e7357c10a7e7"
  },
  "word": "fingering"
},{
  "_id": {
    "$oid": "5f2cf2eb6c25e7357c10a7e8"
  },
  "word": "fisting"
},{
  "_id": {
    "$oid": "5f2cf2eb6c25e7357c10a7e9"
  },
  "word": "foot fetish"
},{
  "_id": {
    "$oid": "5f2cf2eb6c25e7357c10a7ea"
  },
  "word": "footjob"
},{
  "_id": {
    "$oid": "5f2cf2eb6c25e7357c10a7eb"
  },
  "word": "frotting"
},{
  "_id": {
    "$oid": "5f2cf2eb6c25e7357c10a7ec"
  },
  "word": "fuck"
},{
  "_id": {
    "$oid": "5f2cf2eb6c25e7357c10a7ed"
  },
  "word": "fuck off"
},{
  "_id": {
    "$oid": "5f2cf2eb6c25e7357c10a7ee"
  },
  "word": "fuck-off"
},{
  "_id": {
    "$oid": "5f2cf2eb6c25e7357c10a7ef"
  },
  "word": "fuck buttons"
},{
  "_id": {
    "$oid": "5f2cf2eb6c25e7357c10a7f0"
  },
  "word": "fuckin"
},{
  "_id": {
    "$oid": "5f2cf2eb6c25e7357c10a7f1"
  },
  "word": "fucking"
},{
  "_id": {
    "$oid": "5f2cf2eb6c25e7357c10a7f2"
  },
  "word": "fucktards"
},{
  "_id": {
    "$oid": "5f2cf2eb6c25e7357c10a7f3"
  },
  "word": "fudge packer"
},{
  "_id": {
    "$oid": "5f2cf2eb6c25e7357c10a7f4"
  },
  "word": "fudgepacker"
},{
  "_id": {
    "$oid": "5f2cf2eb6c25e7357c10a7f5"
  },
  "word": "futanari"
},{
  "_id": {
    "$oid": "5f2cf2eb6c25e7357c10a7f6"
  },
  "word": "gang bang"
},{
  "_id": {
    "$oid": "5f2cf2eb6c25e7357c10a7f7"
  },
  "word": "gay sex"
},{
  "_id": {
    "$oid": "5f2cf2eb6c25e7357c10a7f8"
  },
  "word": "genitals"
},{
  "_id": {
    "$oid": "5f2cf2eb6c25e7357c10a7f9"
  },
  "word": "giant cock"
},{
  "_id": {
    "$oid": "5f2cf2eb6c25e7357c10a7fa"
  },
  "word": "girl on"
},{
  "_id": {
    "$oid": "5f2cf2eb6c25e7357c10a7fb"
  },
  "word": "girl on top"
},{
  "_id": {
    "$oid": "5f2cf2eb6c25e7357c10a7fc"
  },
  "word": "girls gone wild"
},{
  "_id": {
    "$oid": "5f2cf2eb6c25e7357c10a7fd"
  },
  "word": "girl gone wild"
},{
  "_id": {
    "$oid": "5f2cf2eb6c25e7357c10a7fe"
  },
  "word": "goatcx"
},{
  "_id": {
    "$oid": "5f2cf2eb6c25e7357c10a7ff"
  },
  "word": "goatse"
},{
  "_id": {
    "$oid": "5f2cf2eb6c25e7357c10a800"
  },
  "word": "god damn"
},{
  "_id": {
    "$oid": "5f2cf2eb6c25e7357c10a801"
  },
  "word": "gokkun"
},{
  "_id": {
    "$oid": "5f2cf2eb6c25e7357c10a802"
  },
  "word": "golden shower"
},{
  "_id": {
    "$oid": "5f2cf2eb6c25e7357c10a803"
  },
  "word": "goodpoop"
},{
  "_id": {
    "$oid": "5f2cf2eb6c25e7357c10a804"
  },
  "word": "good poop"
},{
  "_id": {
    "$oid": "5f2cf2eb6c25e7357c10a805"
  },
  "word": "goo girl"
},{
  "_id": {
    "$oid": "5f2cf2eb6c25e7357c10a806"
  },
  "word": "goregasm"
},{
  "_id": {
    "$oid": "5f2cf2eb6c25e7357c10a807"
  },
  "word": "grope"
},{
  "_id": {
    "$oid": "5f2cf2eb6c25e7357c10a808"
  },
  "word": "group sex"
},{
  "_id": {
    "$oid": "5f2cf2eb6c25e7357c10a809"
  },
  "word": "g-spot"
},{
  "_id": {
    "$oid": "5f2cf2eb6c25e7357c10a80a"
  },
  "word": "gspot"
},{
  "_id": {
    "$oid": "5f2cf2eb6c25e7357c10a80b"
  },
  "word": "guro"
},{
  "_id": {
    "$oid": "5f2cf2eb6c25e7357c10a80c"
  },
  "word": "hand job"
},{
  "_id": {
    "$oid": "5f2cf2eb6c25e7357c10a80d"
  },
  "word": "handjob"
},{
  "_id": {
    "$oid": "5f2cf2eb6c25e7357c10a80e"
  },
  "word": "hard core"
},{
  "_id": {
    "$oid": "5f2cf2eb6c25e7357c10a80f"
  },
  "word": "hardcore"
},{
  "_id": {
    "$oid": "5f2cf2eb6c25e7357c10a810"
  },
  "word": "hentai"
},{
  "_id": {
    "$oid": "5f2cf2eb6c25e7357c10a811"
  },
  "word": "homoerotic"
},{
  "_id": {
    "$oid": "5f2cf2eb6c25e7357c10a812"
  },
  "word": "honkey"
},{
  "_id": {
    "$oid": "5f2cf2eb6c25e7357c10a813"
  },
  "word": "hooker"
},{
  "_id": {
    "$oid": "5f2cf2eb6c25e7357c10a814"
  },
  "word": "hot carl"
},{
  "_id": {
    "$oid": "5f2cf2eb6c25e7357c10a815"
  },
  "word": "hot chick"
},{
  "_id": {
    "$oid": "5f2cf2eb6c25e7357c10a816"
  },
  "word": "how to kill"
},{
  "_id": {
    "$oid": "5f2cf2eb6c25e7357c10a817"
  },
  "word": "how to murder"
},{
  "_id": {
    "$oid": "5f2cf2eb6c25e7357c10a818"
  },
  "word": "huge fat"
},{
  "_id": {
    "$oid": "5f2cf2eb6c25e7357c10a819"
  },
  "word": "humping"
},{
  "_id": {
    "$oid": "5f2cf2eb6c25e7357c10a81a"
  },
  "word": "incest"
},{
  "_id": {
    "$oid": "5f2cf2eb6c25e7357c10a81b"
  },
  "word": "intercourse"
},{
  "_id": {
    "$oid": "5f2cf2eb6c25e7357c10a81c"
  },
  "word": "jack off"
},{
  "_id": {
    "$oid": "5f2cf2eb6c25e7357c10a81d"
  },
  "word": "jail bait"
},{
  "_id": {
    "$oid": "5f2cf2eb6c25e7357c10a81e"
  },
  "word": "jailbait"
},{
  "_id": {
    "$oid": "5f2cf2eb6c25e7357c10a81f"
  },
  "word": "jelly donut"
},{
  "_id": {
    "$oid": "5f2cf2eb6c25e7357c10a820"
  },
  "word": "jerk off"
},{
  "_id": {
    "$oid": "5f2cf2eb6c25e7357c10a821"
  },
  "word": "jerking off"
},{
  "_id": {
    "$oid": "5f2cf2eb6c25e7357c10a822"
  },
  "word": "jigaboo"
},{
  "_id": {
    "$oid": "5f2cf2eb6c25e7357c10a823"
  },
  "word": "jiggaboo"
},{
  "_id": {
    "$oid": "5f2cf2eb6c25e7357c10a824"
  },
  "word": "jiggerboo"
},{
  "_id": {
    "$oid": "5f2cf2eb6c25e7357c10a825"
  },
  "word": "jizz"
},{
  "_id": {
    "$oid": "5f2cf2eb6c25e7357c10a826"
  },
  "word": "juggs"
},{
  "_id": {
    "$oid": "5f2cf2eb6c25e7357c10a827"
  },
  "word": "kike"
},{
  "_id": {
    "$oid": "5f2cf2eb6c25e7357c10a828"
  },
  "word": "kinbaku"
},{
  "_id": {
    "$oid": "5f2cf2eb6c25e7357c10a829"
  },
  "word": "kinkster"
},{
  "_id": {
    "$oid": "5f2cf2eb6c25e7357c10a82a"
  },
  "word": "kinky"
},{
  "_id": {
    "$oid": "5f2cf2eb6c25e7357c10a82b"
  },
  "word": "knobbing"
},{
  "_id": {
    "$oid": "5f2cf2eb6c25e7357c10a82c"
  },
  "word": "leather restraint"
},{
  "_id": {
    "$oid": "5f2cf2eb6c25e7357c10a82d"
  },
  "word": "leather straight jacket"
},{
  "_id": {
    "$oid": "5f2cf2eb6c25e7357c10a82e"
  },
  "word": "lemon party"
},{
  "_id": {
    "$oid": "5f2cf2eb6c25e7357c10a82f"
  },
  "word": "lolita"
},{
  "_id": {
    "$oid": "5f2cf2eb6c25e7357c10a830"
  },
  "word": "lovemaking"
},{
  "_id": {
    "$oid": "5f2cf2eb6c25e7357c10a831"
  },
  "word": "make me come"
},{
  "_id": {
    "$oid": "5f2cf2eb6c25e7357c10a832"
  },
  "word": "masochism"
},{
  "_id": {
    "$oid": "5f2cf2eb6c25e7357c10a833"
  },
  "word": "male squirting"
},{
  "_id": {
    "$oid": "5f2cf2eb6c25e7357c10a834"
  },
  "word": "masturbate"
},{
  "_id": {
    "$oid": "5f2cf2eb6c25e7357c10a835"
  },
  "word": "menage a trois"
},{
  "_id": {
    "$oid": "5f2cf2eb6c25e7357c10a836"
  },
  "word": "milf"
},{
  "_id": {
    "$oid": "5f2cf2eb6c25e7357c10a837"
  },
  "word": "missionary position"
},{
  "_id": {
    "$oid": "5f2cf2eb6c25e7357c10a838"
  },
  "word": "motherfucker"
},{
  "_id": {
    "$oid": "5f2cf2eb6c25e7357c10a839"
  },
  "word": "mother fucker"
},{
  "_id": {
    "$oid": "5f2cf2eb6c25e7357c10a83a"
  },
  "word": "mound of venus"
},{
  "_id": {
    "$oid": "5f2cf2eb6c25e7357c10a83b"
  },
  "word": "mr hands"
},{
  "_id": {
    "$oid": "5f2cf2eb6c25e7357c10a83c"
  },
  "word": "muff diver"
},{
  "_id": {
    "$oid": "5f2cf2eb6c25e7357c10a83d"
  },
  "word": "muffdiving"
},{
  "_id": {
    "$oid": "5f2cf2eb6c25e7357c10a83e"
  },
  "word": "nambla"
},{
  "_id": {
    "$oid": "5f2cf2eb6c25e7357c10a83f"
  },
  "word": "nawashi"
},{
  "_id": {
    "$oid": "5f2cf2eb6c25e7357c10a840"
  },
  "word": "negro"
},{
  "_id": {
    "$oid": "5f2cf2eb6c25e7357c10a841"
  },
  "word": "neonazi"
},{
  "_id": {
    "$oid": "5f2cf2eb6c25e7357c10a842"
  },
  "word": "nigga"
},{
  "_id": {
    "$oid": "5f2cf2eb6c25e7357c10a843"
  },
  "word": "nigger"
},{
  "_id": {
    "$oid": "5f2cf2eb6c25e7357c10a844"
  },
  "word": "nig nog"
},{
  "_id": {
    "$oid": "5f2cf2eb6c25e7357c10a845"
  },
  "word": "nimphomania"
},{
  "_id": {
    "$oid": "5f2cf2eb6c25e7357c10a846"
  },
  "word": "nipple"
},{
  "_id": {
    "$oid": "5f2cf2eb6c25e7357c10a847"
  },
  "word": "nipples"
},{
  "_id": {
    "$oid": "5f2cf2eb6c25e7357c10a848"
  },
  "word": "nsfw images"
},{
  "_id": {
    "$oid": "5f2cf2eb6c25e7357c10a849"
  },
  "word": "nude"
},{
  "_id": {
    "$oid": "5f2cf2eb6c25e7357c10a84a"
  },
  "word": "nudity"
},{
  "_id": {
    "$oid": "5f2cf2eb6c25e7357c10a84b"
  },
  "word": "nympho"
},{
  "_id": {
    "$oid": "5f2cf2eb6c25e7357c10a84c"
  },
  "word": "nymphomania"
},{
  "_id": {
    "$oid": "5f2cf2eb6c25e7357c10a84d"
  },
  "word": "octopussy"
},{
  "_id": {
    "$oid": "5f2cf2eb6c25e7357c10a84e"
  },
  "word": "omorashi"
},{
  "_id": {
    "$oid": "5f2cf2eb6c25e7357c10a84f"
  },
  "word": "one cup two girls"
},{
  "_id": {
    "$oid": "5f2cf2eb6c25e7357c10a850"
  },
  "word": "one guy one jar"
},{
  "_id": {
    "$oid": "5f2cf2eb6c25e7357c10a851"
  },
  "word": "orgasm"
},{
  "_id": {
    "$oid": "5f2cf2eb6c25e7357c10a852"
  },
  "word": "orgy"
},{
  "_id": {
    "$oid": "5f2cf2eb6c25e7357c10a853"
  },
  "word": "paedophile"
},{
  "_id": {
    "$oid": "5f2cf2eb6c25e7357c10a854"
  },
  "word": "paki"
},{
  "_id": {
    "$oid": "5f2cf2eb6c25e7357c10a855"
  },
  "word": "pedobear"
},{
  "_id": {
    "$oid": "5f2cf2eb6c25e7357c10a856"
  },
  "word": "pedophile"
},{
  "_id": {
    "$oid": "5f2cf2eb6c25e7357c10a857"
  },
  "word": "pegging"
},{
  "_id": {
    "$oid": "5f2cf2eb6c25e7357c10a858"
  },
  "word": "penis"
},{
  "_id": {
    "$oid": "5f2cf2eb6c25e7357c10a859"
  },
  "word": "phone sex"
},{
  "_id": {
    "$oid": "5f2cf2eb6c25e7357c10a85a"
  },
  "word": "piece of shit"
},{
  "_id": {
    "$oid": "5f2cf2eb6c25e7357c10a85b"
  },
  "word": "pissing"
},{
  "_id": {
    "$oid": "5f2cf2eb6c25e7357c10a85c"
  },
  "word": "piss off"
},{
  "_id": {
    "$oid": "5f2cf2eb6c25e7357c10a85d"
  },
  "word": "piss pig"
},{
  "_id": {
    "$oid": "5f2cf2eb6c25e7357c10a85e"
  },
  "word": "pisspig"
},{
  "_id": {
    "$oid": "5f2cf2eb6c25e7357c10a85f"
  },
  "word": "playboy"
},{
  "_id": {
    "$oid": "5f2cf2eb6c25e7357c10a860"
  },
  "word": "pleasure chest"
},{
  "_id": {
    "$oid": "5f2cf2eb6c25e7357c10a861"
  },
  "word": "pole smoker"
},{
  "_id": {
    "$oid": "5f2cf2eb6c25e7357c10a862"
  },
  "word": "ponyplay"
},{
  "_id": {
    "$oid": "5f2cf2eb6c25e7357c10a863"
  },
  "word": "poof"
},{
  "_id": {
    "$oid": "5f2cf2eb6c25e7357c10a864"
  },
  "word": "poon"
},{
  "_id": {
    "$oid": "5f2cf2eb6c25e7357c10a865"
  },
  "word": "poontang"
},{
  "_id": {
    "$oid": "5f2cf2eb6c25e7357c10a866"
  },
  "word": "punany"
},{
  "_id": {
    "$oid": "5f2cf2eb6c25e7357c10a867"
  },
  "word": "poop chute"
},{
  "_id": {
    "$oid": "5f2cf2eb6c25e7357c10a868"
  },
  "word": "poopchute"
},{
  "_id": {
    "$oid": "5f2cf2eb6c25e7357c10a869"
  },
  "word": "porn"
},{
  "_id": {
    "$oid": "5f2cf2eb6c25e7357c10a86a"
  },
  "word": "porno"
},{
  "_id": {
    "$oid": "5f2cf2eb6c25e7357c10a86b"
  },
  "word": "pornography"
},{
  "_id": {
    "$oid": "5f2cf2eb6c25e7357c10a86c"
  },
  "word": "prince albert piercing"
},{
  "_id": {
    "$oid": "5f2cf2eb6c25e7357c10a86d"
  },
  "word": "pthc"
},{
  "_id": {
    "$oid": "5f2cf2eb6c25e7357c10a86e"
  },
  "word": "pubes"
},{
  "_id": {
    "$oid": "5f2cf2eb6c25e7357c10a86f"
  },
  "word": "pussy"
},{
  "_id": {
    "$oid": "5f2cf2eb6c25e7357c10a870"
  },
  "word": "queaf"
},{
  "_id": {
    "$oid": "5f2cf2eb6c25e7357c10a871"
  },
  "word": "queef"
},{
  "_id": {
    "$oid": "5f2cf2eb6c25e7357c10a872"
  },
  "word": "quim"
},{
  "_id": {
    "$oid": "5f2cf2eb6c25e7357c10a873"
  },
  "word": "raghead"
},{
  "_id": {
    "$oid": "5f2cf2eb6c25e7357c10a874"
  },
  "word": "raging boner"
},{
  "_id": {
    "$oid": "5f2cf2eb6c25e7357c10a875"
  },
  "word": "rape"
},{
  "_id": {
    "$oid": "5f2cf2eb6c25e7357c10a876"
  },
  "word": "raping"
},{
  "_id": {
    "$oid": "5f2cf2eb6c25e7357c10a877"
  },
  "word": "rapist"
},{
  "_id": {
    "$oid": "5f2cf2eb6c25e7357c10a878"
  },
  "word": "rectum"
},{
  "_id": {
    "$oid": "5f2cf2eb6c25e7357c10a879"
  },
  "word": "reverse cowgirl"
},{
  "_id": {
    "$oid": "5f2cf2eb6c25e7357c10a87a"
  },
  "word": "rimjob"
},{
  "_id": {
    "$oid": "5f2cf2eb6c25e7357c10a87b"
  },
  "word": "rimming"
},{
  "_id": {
    "$oid": "5f2cf2eb6c25e7357c10a87c"
  },
  "word": "rosy palm"
},{
  "_id": {
    "$oid": "5f2cf2eb6c25e7357c10a87d"
  },
  "word": "rosy palm and her 5 sisters"
},{
  "_id": {
    "$oid": "5f2cf2eb6c25e7357c10a87e"
  },
  "word": "rusty trombone"
},{
  "_id": {
    "$oid": "5f2cf2eb6c25e7357c10a87f"
  },
  "word": "sadism"
},{
  "_id": {
    "$oid": "5f2cf2eb6c25e7357c10a880"
  },
  "word": "santorum"
},{
  "_id": {
    "$oid": "5f2cf2eb6c25e7357c10a881"
  },
  "word": "scat"
},{
  "_id": {
    "$oid": "5f2cf2eb6c25e7357c10a882"
  },
  "word": "schlong"
},{
  "_id": {
    "$oid": "5f2cf2eb6c25e7357c10a883"
  },
  "word": "scissoring"
},{
  "_id": {
    "$oid": "5f2cf2eb6c25e7357c10a884"
  },
  "word": "semen"
},{
  "_id": {
    "$oid": "5f2cf2eb6c25e7357c10a885"
  },
  "word": "sex"
},{
  "_id": {
    "$oid": "5f2cf2eb6c25e7357c10a886"
  },
  "word": "sexo"
},{
  "_id": {
    "$oid": "5f2cf2eb6c25e7357c10a887"
  },
  "word": "sexy"
},{
  "_id": {
    "$oid": "5f2cf2eb6c25e7357c10a888"
  },
  "word": "shaved beaver"
},{
  "_id": {
    "$oid": "5f2cf2eb6c25e7357c10a889"
  },
  "word": "shaved pussy"
},{
  "_id": {
    "$oid": "5f2cf2eb6c25e7357c10a88a"
  },
  "word": "shemale"
},{
  "_id": {
    "$oid": "5f2cf2eb6c25e7357c10a88b"
  },
  "word": "shibari"
},{
  "_id": {
    "$oid": "5f2cf2eb6c25e7357c10a88c"
  },
  "word": "shit"
},{
  "_id": {
    "$oid": "5f2cf2eb6c25e7357c10a88d"
  },
  "word": "shitblimp"
},{
  "_id": {
    "$oid": "5f2cf2eb6c25e7357c10a88e"
  },
  "word": "shitty"
},{
  "_id": {
    "$oid": "5f2cf2eb6c25e7357c10a88f"
  },
  "word": "shota"
},{
  "_id": {
    "$oid": "5f2cf2eb6c25e7357c10a890"
  },
  "word": "shrimping"
},{
  "_id": {
    "$oid": "5f2cf2eb6c25e7357c10a891"
  },
  "word": "skeet"
},{
  "_id": {
    "$oid": "5f2cf2eb6c25e7357c10a892"
  },
  "word": "slanteye"
},{
  "_id": {
    "$oid": "5f2cf2eb6c25e7357c10a893"
  },
  "word": "slut"
},{
  "_id": {
    "$oid": "5f2cf2eb6c25e7357c10a894"
  },
  "word": "s&m"
},{
  "_id": {
    "$oid": "5f2cf2eb6c25e7357c10a895"
  },
  "word": "smut"
},{
  "_id": {
    "$oid": "5f2cf2eb6c25e7357c10a896"
  },
  "word": "snatch"
},{
  "_id": {
    "$oid": "5f2cf2eb6c25e7357c10a897"
  },
  "word": "snowballing"
},{
  "_id": {
    "$oid": "5f2cf2eb6c25e7357c10a898"
  },
  "word": "sodomize"
},{
  "_id": {
    "$oid": "5f2cf2eb6c25e7357c10a899"
  },
  "word": "sodomy"
},{
  "_id": {
    "$oid": "5f2cf2eb6c25e7357c10a89a"
  },
  "word": "spic"
},{
  "_id": {
    "$oid": "5f2cf2eb6c25e7357c10a89b"
  },
  "word": "splooge"
},{
  "_id": {
    "$oid": "5f2cf2eb6c25e7357c10a89c"
  },
  "word": "splooge moose"
},{
  "_id": {
    "$oid": "5f2cf2eb6c25e7357c10a89d"
  },
  "word": "spooge"
},{
  "_id": {
    "$oid": "5f2cf2eb6c25e7357c10a89e"
  },
  "word": "spread legs"
},{
  "_id": {
    "$oid": "5f2cf2eb6c25e7357c10a89f"
  },
  "word": "spunk"
},{
  "_id": {
    "$oid": "5f2cf2eb6c25e7357c10a8a0"
  },
  "word": "strap on"
},{
  "_id": {
    "$oid": "5f2cf2eb6c25e7357c10a8a1"
  },
  "word": "strapon"
},{
  "_id": {
    "$oid": "5f2cf2eb6c25e7357c10a8a2"
  },
  "word": "strappado"
},{
  "_id": {
    "$oid": "5f2cf2eb6c25e7357c10a8a3"
  },
  "word": "strip club"
},{
  "_id": {
    "$oid": "5f2cf2eb6c25e7357c10a8a4"
  },
  "word": "style doggy"
},{
  "_id": {
    "$oid": "5f2cf2eb6c25e7357c10a8a5"
  },
  "word": "suck"
},{
  "_id": {
    "$oid": "5f2cf2eb6c25e7357c10a8a6"
  },
  "word": "sucks"
},{
  "_id": {
    "$oid": "5f2cf2eb6c25e7357c10a8a7"
  },
  "word": "suicide girls"
},{
  "_id": {
    "$oid": "5f2cf2eb6c25e7357c10a8a8"
  },
  "word": "sultry women"
},{
  "_id": {
    "$oid": "5f2cf2eb6c25e7357c10a8a9"
  },
  "word": "swastika"
},{
  "_id": {
    "$oid": "5f2cf2eb6c25e7357c10a8aa"
  },
  "word": "swinger"
},{
  "_id": {
    "$oid": "5f2cf2eb6c25e7357c10a8ab"
  },
  "word": "tainted love"
},{
  "_id": {
    "$oid": "5f2cf2eb6c25e7357c10a8ac"
  },
  "word": "taste my"
},{
  "_id": {
    "$oid": "5f2cf2eb6c25e7357c10a8ad"
  },
  "word": "tea bagging"
},{
  "_id": {
    "$oid": "5f2cf2eb6c25e7357c10a8ae"
  },
  "word": "threesome"
},{
  "_id": {
    "$oid": "5f2cf2eb6c25e7357c10a8af"
  },
  "word": "throating"
},{
  "_id": {
    "$oid": "5f2cf2eb6c25e7357c10a8b0"
  },
  "word": "tied up"
},{
  "_id": {
    "$oid": "5f2cf2eb6c25e7357c10a8b1"
  },
  "word": "tight white"
},{
  "_id": {
    "$oid": "5f2cf2eb6c25e7357c10a8b2"
  },
  "word": "tit"
},{
  "_id": {
    "$oid": "5f2cf2eb6c25e7357c10a8b3"
  },
  "word": "tits"
},{
  "_id": {
    "$oid": "5f2cf2eb6c25e7357c10a8b4"
  },
  "word": "titties"
},{
  "_id": {
    "$oid": "5f2cf2eb6c25e7357c10a8b5"
  },
  "word": "titty"
},{
  "_id": {
    "$oid": "5f2cf2eb6c25e7357c10a8b6"
  },
  "word": "tongue in a"
},{
  "_id": {
    "$oid": "5f2cf2eb6c25e7357c10a8b7"
  },
  "word": "topless"
},{
  "_id": {
    "$oid": "5f2cf2eb6c25e7357c10a8b8"
  },
  "word": "tosser"
},{
  "_id": {
    "$oid": "5f2cf2eb6c25e7357c10a8b9"
  },
  "word": "towelhead"
},{
  "_id": {
    "$oid": "5f2cf2eb6c25e7357c10a8ba"
  },
  "word": "tranny"
},{
  "_id": {
    "$oid": "5f2cf2eb6c25e7357c10a8bb"
  },
  "word": "tribadism"
},{
  "_id": {
    "$oid": "5f2cf2eb6c25e7357c10a8bc"
  },
  "word": "tub girl"
},{
  "_id": {
    "$oid": "5f2cf2eb6c25e7357c10a8bd"
  },
  "word": "tubgirl"
},{
  "_id": {
    "$oid": "5f2cf2eb6c25e7357c10a8be"
  },
  "word": "tushy"
},{
  "_id": {
    "$oid": "5f2cf2eb6c25e7357c10a8bf"
  },
  "word": "twat"
},{
  "_id": {
    "$oid": "5f2cf2eb6c25e7357c10a8c0"
  },
  "word": "twink"
},{
  "_id": {
    "$oid": "5f2cf2eb6c25e7357c10a8c1"
  },
  "word": "twinkie"
},{
  "_id": {
    "$oid": "5f2cf2eb6c25e7357c10a8c2"
  },
  "word": "two girls one cup"
},{
  "_id": {
    "$oid": "5f2cf2eb6c25e7357c10a8c3"
  },
  "word": "undressing"
},{
  "_id": {
    "$oid": "5f2cf2eb6c25e7357c10a8c4"
  },
  "word": "upskirt"
},{
  "_id": {
    "$oid": "5f2cf2eb6c25e7357c10a8c5"
  },
  "word": "urethra play"
},{
  "_id": {
    "$oid": "5f2cf2eb6c25e7357c10a8c6"
  },
  "word": "urophilia"
},{
  "_id": {
    "$oid": "5f2cf2eb6c25e7357c10a8c7"
  },
  "word": "vagina"
},{
  "_id": {
    "$oid": "5f2cf2eb6c25e7357c10a8c8"
  },
  "word": "venus mound"
},{
  "_id": {
    "$oid": "5f2cf2eb6c25e7357c10a8c9"
  },
  "word": "vibrator"
},{
  "_id": {
    "$oid": "5f2cf2eb6c25e7357c10a8ca"
  },
  "word": "violet wand"
},{
  "_id": {
    "$oid": "5f2cf2eb6c25e7357c10a8cb"
  },
  "word": "vorarephilia"
},{
  "_id": {
    "$oid": "5f2cf2eb6c25e7357c10a8cc"
  },
  "word": "voyeur"
},{
  "_id": {
    "$oid": "5f2cf2eb6c25e7357c10a8cd"
  },
  "word": "vulva"
},{
  "_id": {
    "$oid": "5f2cf2eb6c25e7357c10a8ce"
  },
  "word": "wank"
},{
  "_id": {
    "$oid": "5f2cf2eb6c25e7357c10a8cf"
  },
  "word": "wetback"
},{
  "_id": {
    "$oid": "5f2cf2eb6c25e7357c10a8d0"
  },
  "word": "wet dream"
},{
  "_id": {
    "$oid": "5f2cf2eb6c25e7357c10a8d1"
  },
  "word": "white power"
},{
  "_id": {
    "$oid": "5f2cf2eb6c25e7357c10a8d2"
  },
  "word": "wrapping men"
},{
  "_id": {
    "$oid": "5f2cf2eb6c25e7357c10a8d3"
  },
  "word": "wrinkled starfish"
},{
  "_id": {
    "$oid": "5f2cf2eb6c25e7357c10a8d4"
  },
  "word": "xxx"
},{
  "_id": {
    "$oid": "5f2cf2eb6c25e7357c10a8d5"
  },
  "word": "yaoi"
},{
  "_id": {
    "$oid": "5f2cf2eb6c25e7357c10a8d6"
  },
  "word": "yellow showers"
},{
  "_id": {
    "$oid": "5f2cf2eb6c25e7357c10a8d7"
  },
  "word": "yiffy"
},{
  "_id": {
    "$oid": "5f2cf2eb6c25e7357c10a8d8"
  },
  "word": "zoophilia"
},{
  "_id": {
    "$oid": "5f2cf2eb6c25e7357c10a8d9"
  },
  "word": "boobies"
},{
  "_id": {
    "$oid": "5f2cf2eb6c25e7357c10a8da"
  },
  "word": "fck"
},{
  "_id": {
    "$oid": "5f2cf2eb6c25e7357c10a8db"
  },
  "word": "af"
},{
  "_id": {
    "$oid": "5f2cf2eb6c25e7357c10a8dc"
  },
  "word": "poop"
},{
  "_id": {
    "$oid": "5f2cf2eb6c25e7357c10a8dd"
  },
  "word": "poopie"
},{
  "_id": {
    "$oid": "5f2cf2eb6c25e7357c10a8de"
  },
  "word": "shitting"
},{
  "_id": {
    "$oid": "5f2cf2eb6c25e7357c10a8df"
  },
  "word": "niggas"
},{
  "_id": {
    "$oid": "5f2cf2eb6c25e7357c10a8e0"
  },
  "word": "gay"
},{
  "_id": {
    "$oid": "5f2cf2eb6c25e7357c10a8e1"
  },
  "word": "lesbian"
},{
  "_id": {
    "$oid": "5f2cf2eb6c25e7357c10a8e2"
  },
  "word": "f@cking"
},{
  "_id": {
    "$oid": "5f2cf2eb6c25e7357c10a8e3"
  },
  "word": "f@ck"
},{
  "_id": {
    "$oid": "5f2d0812559a8c03b4e55aed"
  },
  "word": "sh@t"
},{
  "_id": {
    "$oid": "5f2d08d5559a8c03b4e55aee"
  },
  "word": "motherf@ckers"
},{
  "_id": {
    "$oid": "5f311b1714819cbfdb4c8956"
  },
  "word": "s@@@-nil"
},{
  "_id": {
    "$oid": "5f311cef14819cbfdb4c8957"
  },
  "word": "p@ssy"
},{
  "_id": {
    "$oid": "5f699422d1f37863f543c959"
  },
  "word": "wtf"
},{
  "_id": {
    "$oid": "5f699435d1f37863f543c95a"
  },
  "word": "fkn"
},{
  "_id": {
    "$oid": "5f69949ad1f37863f543c95b"
  },
  "word": "piss"
},{
  "_id": {
    "$oid": "5f69e6cdee7367b3cb7a236c"
  },
  "word": "fatass"
},{
  "_id": {
    "$oid": "5f69e6e0ee7367b3cb7a236d"
  },
  "word": "juicybooty"
},{
  "_id": {
    "$oid": "5f69e6faee7367b3cb7a236e"
  },
  "word": "horny"
},{
  "_id": {
    "$oid": "5f69e708ee7367b3cb7a236f"
  },
  "word": "thickbooty"
},{
  "_id": {
    "$oid": "5f69ec43ee7367b3cb7a2370"
  },
  "word": "slutty"
},{
  "_id": {
    "$oid": "5f7af3f0f4d5745ad87ea3f2"
  },
  "word": "crap"
},{
  "_id": {
    "$oid": "5f7b1b07f4d5745ad87ea3f4"
  },
  "word": "hell"
},{
  "_id": {
    "$oid": "5f7b2697f4d5745ad87ea3f5"
  },
  "word": "whore"
}]