[{
  "_id": {
    "$oid": "5f6047fdfa39934e4f1f092d"
  },
  "post": "What a load of bullshit",
  "bad words": "[bullshit]",
  "intent": "Complaint",
  "sentiment": "Negative",
  "emotion": "Angry",
  "review": "Yes",
  "type": "[inappropriate]",
  "company": "t2games",
  "Date": "2020-09-01"
},{
  "_id": {
    "$oid": "5f6047fdfa39934e4f1f092e"
  },
  "post": "whoever had this idea - what did he smoke?",
  "bad words": "[No Bad Word]",
  "intent": "Spam",
  "sentiment": "Neutral",
  "emotion": "Fear",
  "review": "No",
  "type": "[inappropriate]",
  "company": "t2games",
  "Date": "2020-09-01"
},{
  "_id": {
    "$oid": "5f6048a7fa39934e4f1f0934"
  },
  "post": "I really wish y’all would leave WWE alone! THQ was far more superior than what y’all are doing. Y’all fuckin suck! Please leave WWE alone and just focus on your lil NBA games. Thanks",
  "bad words": "[fukkin, suck]",
  "intent": "Complaint",
  "sentiment": "Negative",
  "emotion": "Angry",
  "review": "Yes",
  "type": "[inappropriate]",
  "company": "t2games",
  "Date": "2020-09-01"
},{
  "_id": {
    "$oid": "5f6048a7fa39934e4f1f0935"
  },
  "post": "\"Special price\" you mean the fucking old price? The price you slap on games that have been out for a half a year or more to get all the people trailing behind? All the people that didnt buy it because of the toxic exclusive deals.",
  "bad words": "[fucking, fukkin]",
  "intent": "Complaint",
  "sentiment": "Negative",
  "emotion": "Angry",
  "review": "Yes",
  "type": "[inappropriate]",
  "company": "t2games",
  "Date": "2020-09-01"
},{
  "_id": {
    "$oid": "5f6048a7fa39934e4f1f0936"
  },
  "post": "Damn it, 2k, have just been playing mafia 3 for the first time these days and, god fucking damn it, you guys don't have slight idea of good UI/UX, eh. Been a long time since it came out, so hope you guys fired the UI team. Plus the story and the fucking damn lanky gameplay! You sucks! And no, it don't live up to mafia 2",
  "bad words": "[damn, damnit, fucking, damn, damnit, fucking, damn, suck, sucks]",
  "intent": "Complaint",
  "sentiment": "Negative",
  "emotion": "Angry",
  "review": "Yes",
  "type": "[inappropriate]",
  "company": "t2games",
  "Date": "2020-09-02"
},{
  "_id": {
    "$oid": "5f6048a7fa39934e4f1f0937"
  },
  "post": "2k yall can suck my dick for $200",
  "bad words": "[suck, dick]",
  "intent": "Spam",
  "sentiment": "Neutral",
  "emotion": "Excited",
  "review": "Yes",
  "type": "[inappropriate]",
  "company": "t2games",
  "Date": "2020-09-02"
},{
  "_id": {
    "$oid": "5f6048a7fa39934e4f1f0938"
  },
  "post": "When you suck so bad you gotta stop making main games and give a mobile wannebe game",
  "bad words": "[suck]",
  "intent": "Complaint",
  "sentiment": "Negative",
  "emotion": "Sad",
  "review": "Yes",
  "type": "[inappropriate]",
  "company": "t2games",
  "Date": "2020-09-03"
},{
  "_id": {
    "$oid": "5f6893220225195cf4fb003b"
  },
  "post": "😤🤬after more than 4 weeks of waiting and a debit already made, an unnecessary return trip to the store and another announced investigation period of 15 days, all this for a recent Hamilton collection which we can see advertised for some time, I am very disappointed with a system which in addition does not allow to try or even to see the product.\nI no longer trust your brand to buy products if it is to receive them (maybe) more than a month later !!\nnot to mention that you give NO news !!!!\nI'M DISAPPOINTED !!!\n😤🤬après plus de 4 semaines d'attentes et un débit déjà effectué, un aller retour inutile en magasin et encore une période d'investigation annoncé de 15 jours , tout cela pour une collection récente Hamilton dont on peux voir la publicité depuis un certain temps , je suis très déçu par un système qui en plus ne permet pas d'essayer ou même de voir le produit.\nje n'ai plus confiance envers votre marque pour acheter des produits si c'est pour les recevoir (peut être) plus d'un mois après!!\nsans compter que vous ne donnez AUCUNE nouvelle !!!!\nJE SUIS DECU !!!",
  "bad words": "[No Bad Words]",
  "intent": "News",
  "sentiment": "Negative",
  "emotion": "Angry",
  "review": "No",
  "type": "[Appropriate]",
  "company": "tommyhilfiger",
  "Date": "2020-09-03"
},{
  "_id": {
    "$oid": "5f699213f8cf5f3ef4a7c987"
  },
  "post": "Complaint on an order that's not been received and needed for maternity but have been given poor customer service! No communication! Please see DM",
  "bad words": "[No Bad Words]",
  "intent": "Query",
  "sentiment": "Negative",
  "emotion": "Angry",
  "review": "No",
  "type": "[Appropriate]",
  "company": "ck",
  "Date": "2020-09-03"
},{
  "_id": {
    "$oid": "5f699213f8cf5f3ef4a7c988"
  },
  "post": "I received 21 mails in one day from CK. Why are you harassing my mail box because I was a regular customer ? It's not nice.",
  "bad words": "[No Bad Words]",
  "intent": "Query",
  "sentiment": "Negative",
  "emotion": "Angry",
  "review": "No",
  "type": "[Appropriate]",
  "company": "ck",
  "Date": "2020-09-03"
},{
  "_id": {
    "$oid": "5f699213f8cf5f3ef4a7c989"
  },
  "post": "Calvin Klein, how long and how many times I should appeal to you to get my money back? Why since Thursday (when the situation was cleared up that your company made a mistake sending my money and more 149 persons) I didn't get any reply on Friday and today. How many more times I should call to the customer service? How long should I wait more ? 2-3 months.",
  "bad words": "[No Bad Words]",
  "intent": "Query",
  "sentiment": "Negative",
  "emotion": "Angry",
  "review": "No",
  "type": "[Appropriate]",
  "company": "ck",
  "Date": "2020-09-04"
},{
  "_id": {
    "$oid": "5f699213f8cf5f3ef4a7c98a"
  },
  "post": "Burning every piece of underwear with Ck on it. They have done this just to upset everyone. Good they go broke like Gillette did.",
  "bad words": "[No Bad Words]",
  "intent": "Appreciation",
  "sentiment": "Negative",
  "emotion": "Angry",
  "review": "No",
  "type": "[Appropriate]",
  "company": "ck",
  "Date": "2020-09-04"
},{
  "_id": {
    "$oid": "5f699213f8cf5f3ef4a7c98b"
  },
  "post": "I had a feeling I was going to find some post where pretend to give a fuck about equality. Maybe just for a second you didn't exploite religious and ethnic minorities out of western China.",
  "bad words": "[fuck]",
  "intent": "Complaint",
  "sentiment": "Negative",
  "emotion": "Fear",
  "review": "Yes",
  "type": "[Inppropriate]",
  "company": "ck",
  "Date": "2020-09-04"
},{
  "_id": {
    "$oid": "5f699595f8cf5f3ef4a7c9a0"
  },
  "post": "Grabbing the dick piece ???",
  "bad words": "[dick]",
  "intent": "Spam",
  "sentiment": "Neutral",
  "emotion": "Fear",
  "review": "Yes",
  "type": "[Inppropriate]",
  "company": "ck",
  "Date": "2020-09-04"
},{
  "_id": {
    "$oid": "5f699595f8cf5f3ef4a7c9a1"
  },
  "post": "This is the result of masteribation",
  "bad words": "[No Bad Words]",
  "intent": "Spam",
  "sentiment": "Positive",
  "emotion": "Sad",
  "review": "No",
  "type": "[Appropriate]",
  "company": "ck",
  "Date": "2020-09-04"
},{
  "_id": {
    "$oid": "5f699595f8cf5f3ef4a7c9a2"
  },
  "post": "Wtf happened to all the ck models...90s 2000s.. are the best. U fkn suck. Now",
  "bad words": "[suck, wtf, fkn]",
  "intent": "Query",
  "sentiment": "Negative",
  "emotion": "Angry",
  "review": "Yes",
  "type": "[Inppropriate]",
  "company": "ck",
  "Date": "2020-09-04"
},{
  "_id": {
    "$oid": "5f699595f8cf5f3ef4a7c9a3"
  },
  "post": "Calvin be taking the piss lately.",
  "bad words": "[piss]",
  "intent": "Complaint",
  "sentiment": "Negative",
  "emotion": "Angry",
  "review": "Yes",
  "type": "[Inppropriate]",
  "company": "ck",
  "Date": "2020-09-05"
},{
  "_id": {
    "$oid": "5f699595f8cf5f3ef4a7c9a4"
  },
  "post": "is it just me or can you see his whole dick thru those? I didn't zoom in or anything",
  "bad words": "[dick]",
  "intent": "Query",
  "sentiment": "Negative",
  "emotion": "Fear",
  "review": "Yes",
  "type": "[Inppropriate]",
  "company": "ck",
  "Date": "2020-09-05"
},{
  "_id": {
    "$oid": "5f7af271ed8ad30032108db0"
  },
  "post": "Justin Kelly oh please dude.....get your head out of your butt",
  "bad words": "[butt]",
  "intent": "Spam",
  "sentiment": "Negative",
  "emotion": "Angry",
  "review": "Yes",
  "type": "[Inappropriate]",
  "company": "autodesk"
},{
  "_id": {
    "$oid": "5f7af271ed8ad30032108db1"
  },
  "post": "Robert Honcho Somaduroff hey....are you so ignorant or just pretending to be stupid because you don't have anything else logical to say? what does one thing has to do with the other?",
  "bad words": "[No Bad Words]",
  "intent": "Query",
  "sentiment": "Negative",
  "emotion": "Angry",
  "review": "No",
  "type": "[Appropriate]",
  "company": "autodesk"
},{
  "_id": {
    "$oid": "5f7af271ed8ad30032108db2"
  },
  "post": "that's a lot of bull.....upper management doesn't want innovation they just want you to do what they say and if you don't like it you can quit.",
  "bad words": "[No Bad Words]",
  "intent": "Complaint",
  "sentiment": "Negative",
  "emotion": "Angry",
  "review": "No",
  "type": "[Appropriate]",
  "company": "autodesk"
},{
  "_id": {
    "$oid": "5f7af271ed8ad30032108db3"
  },
  "post": "This is what we should have created for all mankind by now. It is 20fuckin19 after all>> https://www.facebook.com/.../a.681671.../765444323597652/...",
  "bad words": "[No Bad Words]",
  "intent": "Query",
  "sentiment": "Negative",
  "emotion": "Angry",
  "review": "No",
  "type": "[Appropriate]",
  "company": "autodesk"
},{
  "_id": {
    "$oid": "5f7af427ed8ad30032108dc5"
  },
  "post": "VR Training is a failure, thats why Ive never seen it utilized in the San Jose / Silicon Valley Bay Area. There's is no substitution of an apprentice getting daily personal instruction and guidance from a journeyman / master AutoCAD drafter, mechanic, machinist, electrician and so on. Autodesk needs to stop repeating garbage from the democratic party.",
  "bad words": "[No Bad Words]",
  "intent": "Query",
  "sentiment": "Negative",
  "emotion": "Sad",
  "review": "No",
  "type": "[Appropriate]",
  "company": "autodesk"
},{
  "_id": {
    "$oid": "5f7af427ed8ad30032108dc6"
  },
  "post": "Bullshit",
  "bad words": "[bullshit]",
  "intent": "Spam",
  "sentiment": "Negative",
  "emotion": "Angry",
  "review": "Yes",
  "type": "[Inappropriate]",
  "company": "autodesk"
},{
  "_id": {
    "$oid": "5f7af427ed8ad30032108dc7"
  },
  "post": "its to bad that Autodesk lost its way. It used to be a respected manufacturing software company, now its just another flunky clinton puppet",
  "bad words": "[No Bad Words]",
  "intent": "Complaint",
  "sentiment": "Negative",
  "emotion": "Sad",
  "review": "No",
  "type": "[Appropriate]",
  "company": "autodesk"
},{
  "_id": {
    "$oid": "5f7af427ed8ad30032108dc8"
  },
  "post": "Sorry but this is crap.",
  "bad words": "[crap]",
  "intent": "Complaint",
  "sentiment": "Negative",
  "emotion": "Angry",
  "review": "Yes",
  "type": "[Inappropriate]",
  "company": "autodesk"
},{
  "_id": {
    "$oid": "5f7af427ed8ad30032108dc9"
  },
  "post": "Phil Grouchy yeap....you're right...common sense is not common...and another saying..the truth hurts.. you and the others who have critisize my opinion are defending what? the pseudo \"artist\"? the maker of the machine? go ahead.....and call it art....or the programer an scultor...that too reflects your idea of common sense. or butt kissing.",
  "bad words": "[butt]",
  "intent": "Complaint",
  "sentiment": "Negative",
  "emotion": "Sad",
  "review": "Yes",
  "type": "[Inappropriate]",
  "company": "autodesk"
},{
  "_id": {
    "$oid": "5f7af8ceed8ad30032108dd5"
  },
  "post": "CAUSE CONSTANT ISSUES... BOGGING DOWN COMPUTER, STICKING, FREEZING UP, SHUTTING DOWN, ETC... IT'S CRAP.",
  "bad words": "[crap]",
  "intent": "Complaint",
  "sentiment": "Negative",
  "emotion": "Angry",
  "review": "Yes",
  "type": "[Inappropriate]",
  "company": "autodesk"
},{
  "_id": {
    "$oid": "5f7af8ceed8ad30032108dd6"
  },
  "post": "autodesk is now into politics. what is this? I'll pirat your software forever.",
  "bad words": "[No Bad Words]",
  "intent": "Query",
  "sentiment": "Negative",
  "emotion": "Angry",
  "review": "No",
  "type": "[Appropriate]",
  "company": "autodesk"
},{
  "_id": {
    "$oid": "5f7af8ceed8ad30032108dd7"
  },
  "post": "Autodesk is destroying communities, villages and heritage by supporting coal mining.\nHttp://autodesk.earth",
  "bad words": "[No Bad Words]",
  "intent": "News",
  "sentiment": "Negative",
  "emotion": "Angry",
  "review": "No",
  "type": "[Appropriate]",
  "company": "autodesk"
},{
  "_id": {
    "$oid": "5f7af8ceed8ad30032108dd8"
  },
  "post": "imagine taking away the ability for young creatives to learn skills and programs that could very well impact their lives and their future careers because you’re a greedy multi-billion dollar company. yikes 😬, couldnt be me.",
  "bad words": "[No Bad Words]",
  "intent": "Suggestion",
  "sentiment": "Negative",
  "emotion": "Angry",
  "review": "No",
  "type": "[Appropriate]",
  "company": "autodesk"
},{
  "_id": {
    "$oid": "5f7af8ceed8ad30032108dd9"
  },
  "post": "Dear Autodesk: The world doesn't want your political lectures nor your world vision. We have football coaches for that.",
  "bad words": "[No Bad Words]",
  "intent": "Suggestion",
  "sentiment": "Neutral",
  "emotion": "Excited",
  "review": "No",
  "type": "[Appropriate]",
  "company": "autodesk"
},{
  "_id": {
    "$oid": "5f7afa0aed8ad30032108de5"
  },
  "post": "Sure wish I could log in I can't even log in to my account fusion won't open .. I fear I lost all my stuff",
  "bad words": "[No Bad Words]",
  "intent": "Query",
  "sentiment": "Negative",
  "emotion": "Sad",
  "review": "No",
  "type": "[Appropriate]",
  "company": "autodesk"
},{
  "_id": {
    "$oid": "5f7afa0aed8ad30032108de6"
  },
  "post": "When you by one management tool and it fails you buy another the autodesk solution never fix or innovation just but and gut out the program in some cases or just leave it to rot like Softimage.",
  "bad words": "[No Bad Words]",
  "intent": "Complaint",
  "sentiment": "Negative",
  "emotion": "Angry",
  "review": "No",
  "type": "[Appropriate]",
  "company": "autodesk"
},{
  "_id": {
    "$oid": "5f7afa0aed8ad30032108de7"
  },
  "post": "Hey Autodesk? Your software robot structural analysis has a very poor beam design",
  "bad words": "[No Bad Words]",
  "intent": "Query",
  "sentiment": "Negative",
  "emotion": "Sad",
  "review": "No",
  "type": "[Appropriate]",
  "company": "autodesk"
},{
  "_id": {
    "$oid": "5f7afa0aed8ad30032108de8"
  },
  "post": "Autodesk I have no open case emails from AutoDesk. Yes, I am a loyal AutoDesk customer who cannot renew my ACAD LT subscription because of a faulty customer service system. Every day I go without my ACAD program is a day I lose income. So, thank you for that.",
  "bad words": "[No Bad Words]",
  "intent": "Complaint",
  "sentiment": "Negative",
  "emotion": "Angry",
  "review": "No",
  "type": "[Appropriate]",
  "company": "autodesk"
},{
  "_id": {
    "$oid": "5f7afa0aed8ad30032108de9"
  },
  "post": "AutoCAD 20291 FREAKING SUCKS....",
  "bad words": "[sucks]",
  "intent": "Complaint",
  "sentiment": "Negative",
  "emotion": "Angry",
  "review": "Yes",
  "type": "[Inappropriate]",
  "company": "autodesk"
},{
  "_id": {
    "$oid": "5f7b0042ed8ad30032108df5"
  },
  "post": "Hello Autodesk i m facing this problem how can i solve this?",
  "bad words": "[No Bad Words]",
  "intent": "Query",
  "sentiment": "Negative",
  "emotion": "Sad",
  "review": "No",
  "type": "[Appropriate]",
  "company": "autodesk"
},{
  "_id": {
    "$oid": "5f7b0042ed8ad30032108df6"
  },
  "post": "I really like how you charge a monthly fee for software then require the user to purchase cloud credits to use said software. And obviously not tell the user until he has already purchased monthly software fee.",
  "bad words": "[No Bad Words]",
  "intent": "Query",
  "sentiment": "Negative",
  "emotion": "Angry",
  "review": "No",
  "type": "[Appropriate]",
  "company": "autodesk"
},{
  "_id": {
    "$oid": "5f7b0042ed8ad30032108df7"
  },
  "post": "Big miss with the license changes on fusion 360, I just using it, and now I'm looking for open source.",
  "bad words": "[No Bad Words]",
  "intent": "Appreciation",
  "sentiment": "Negative",
  "emotion": "Sad",
  "review": "No",
  "type": "[Appropriate]",
  "company": "autodesk"
},{
  "_id": {
    "$oid": "5f7b0042ed8ad30032108df8"
  },
  "post": "well your rely going to be able to keep a distance as the price you ask for thinkerers is \"just to high\" we dont make money using your product, not befor we get in to a job opportunity where we then had asked for fusion. now we need to find something different. what you ask for the package we need is 3-5 time to high. you need to put in a \"low price non commercial\" license at the bottom that give access to everything we had. stil you r adding a LOT of stuff that moste of us do not need. so split it up if this is the reason for the price jump. let us select what we need and dont need for a fordoble price.\nfusion and autodesk was \"the company\" to go to. if some one asked what CAD software to use the default was \"fusion 360.. that is no all gone.. you lost a lot of your friend's and all goodwill.",
  "bad words": "[No Bad Words]",
  "intent": "Complaint",
  "sentiment": "Negative",
  "emotion": "Angry",
  "review": "No",
  "type": "[Appropriate]",
  "company": "autodesk"
},{
  "_id": {
    "$oid": "5f7b0042ed8ad30032108df9"
  },
  "post": "$60/mo for personal use is ridiculous! You’re making it useless for people who do small projects here and there. Make it $30/mo for us! I dont need milling or tooling, but i need import and export!",
  "bad words": "[No Bad Words]",
  "intent": "Marketing",
  "sentiment": "Negative",
  "emotion": "Angry",
  "review": "No",
  "type": "[Appropriate]",
  "company": "autodesk"
},{
  "_id": {
    "$oid": "5f7b022eed8ad30032108e05"
  },
  "post": "I need some ACAD advice please, how do I go about posing a question ?",
  "bad words": "[No Bad Words]",
  "intent": "Query",
  "sentiment": "Neutral",
  "emotion": "Sad",
  "review": "No",
  "type": "[Appropriate]",
  "company": "autodesk"
},{
  "_id": {
    "$oid": "5f7b022eed8ad30032108e06"
  },
  "post": "I enrolled to the Open Edu course which offers Autodesk for free. I am not a student, so can I do the course?",
  "bad words": "[No Bad Words]",
  "intent": "Query",
  "sentiment": "Neutral",
  "emotion": "Fear",
  "review": "No",
  "type": "[Appropriate]",
  "company": "autodesk"
},{
  "_id": {
    "$oid": "5f7b022eed8ad30032108e07"
  },
  "post": "What I would really like to know is the phone number because apparently your chat doesn't work. Have had a wait time of 0 min for 15 min.",
  "bad words": "[No Bad Words]",
  "intent": "Query",
  "sentiment": "Negative",
  "emotion": "Angry",
  "review": "No",
  "type": "[Appropriate]",
  "company": "autodesk"
},{
  "_id": {
    "$oid": "5f7b022eed8ad30032108e08"
  },
  "post": "Hello!\nThis is one of your sketch book user\nAnd I have a problem, all my work disappeared.\nA map who I was sketching in, when I tried to go out from the map everything went black.\nI just tried to just restart the app and then restart my phone. Then I uninstalled and installed it again. At this point I believed that the problem was solved and everything was back but it was like 5 maps of the same map and I deleted one and everything in it but then all of them disappeared and I can’t get it back.\nPlease help! Thanks for a answer",
  "bad words": "[No Bad Words]",
  "intent": "Query",
  "sentiment": "Negative",
  "emotion": "Angry",
  "review": "No",
  "type": "[Appropriate]",
  "company": "autodesk"
},{
  "_id": {
    "$oid": "5f7b022eed8ad30032108e09"
  },
  "post": "Hey guys I’m having problems installing autodesk inventor",
  "bad words": "[No Bad Words]",
  "intent": "Query",
  "sentiment": "Negative",
  "emotion": "Fear",
  "review": "No",
  "type": "[Appropriate]",
  "company": "autodesk"
},{
  "_id": {
    "$oid": "5f7b035aed8ad30032108e1a"
  },
  "post": "Hello, I am an employee of your partner F1 in Schools China Organizing Committee. We encountered some problems when using Inventor and Fusion 360, and things are a bit urgent. How can I contact someone who can help me solve the problem?",
  "bad words": "[No Bad Words]",
  "intent": "Complaint",
  "sentiment": "Negative",
  "emotion": "Angry",
  "review": "No",
  "type": "[Appropriate]",
  "company": "autodesk"
},{
  "_id": {
    "$oid": "5f7b035aed8ad30032108e1b"
  },
  "post": "I really need a product recommendation. Is there a chat or helpdesk number?",
  "bad words": "[No Bad Words]",
  "intent": "Query",
  "sentiment": "Neutral",
  "emotion": "Fear",
  "review": "No",
  "type": "[Appropriate]",
  "company": "autodesk"
},{
  "_id": {
    "$oid": "5f7b035aed8ad30032108e1c"
  },
  "post": "I can not contact anyone. Need a quote.",
  "bad words": "[No Bad Words]",
  "intent": "Complaint",
  "sentiment": "Neutral",
  "emotion": "Angry",
  "review": "No",
  "type": "[Appropriate]",
  "company": "autodesk"
},{
  "_id": {
    "$oid": "5f7b1c462fef662296b96b28"
  },
  "post": "Boolean HELL!",
  "bad words": "[hell]",
  "intent": "Spam",
  "sentiment": "Negative",
  "emotion": "Angry",
  "review": "Yes",
  "type": "[Inappropriate]",
  "company": "autodesk-forum"
},{
  "_id": {
    "$oid": "5f7b1c462fef662296b96b29"
  },
  "post": "Why is xGen so ineffective in production ?",
  "bad words": "[No Bad Words]",
  "intent": "Query",
  "sentiment": "Negative",
  "emotion": "Sad",
  "review": "No",
  "type": "[Appropriate]",
  "company": "autodesk-forum"
},{
  "_id": {
    "$oid": "5f7b1c462fef662296b96b2a"
  },
  "post": "Continuation of Maya 2020 won't stop crashing",
  "bad words": "[No Bad Words]",
  "intent": "News",
  "sentiment": "Negative",
  "emotion": "Angry",
  "review": "No",
  "type": "[Appropriate]",
  "company": "autodesk-forum"
},{
  "_id": {
    "$oid": "5f7b1c462fef662296b96b2b"
  },
  "post": "Xgen Nightmare",
  "bad words": "[No Bad Words]",
  "intent": "Spam",
  "sentiment": "Negative",
  "emotion": "Sad",
  "review": "No",
  "type": "[Appropriate]",
  "company": "autodesk-forum"
},{
  "_id": {
    "$oid": "5f7b1c462fef662296b96b2c"
  },
  "post": "Maya is a ****ty piece of software",
  "bad words": "[No Bad Words]",
  "intent": "Appreciation",
  "sentiment": "Neutral",
  "emotion": "Angry",
  "review": "No",
  "type": "[Appropriate]",
  "company": "autodesk-forum"
},{
  "_id": {
    "$oid": "5f7b1db12fef662296b96b38"
  },
  "post": "URGENT: Maya Control Rig Not Rotating",
  "bad words": "[No Bad Words]",
  "intent": "News",
  "sentiment": "Negative",
  "emotion": "Fear",
  "review": "No",
  "type": "[Appropriate]",
  "company": "autodesk-forum"
},{
  "_id": {
    "$oid": "5f7b1db12fef662296b96b39"
  },
  "post": "Application not open on MAC",
  "bad words": "[No Bad Words]",
  "intent": "News",
  "sentiment": "Negative",
  "emotion": "Angry",
  "review": "No",
  "type": "[Appropriate]",
  "company": "autodesk-forum"
},{
  "_id": {
    "$oid": "5f7b1db12fef662296b96b3a"
  },
  "post": "manipulator isn't showing.",
  "bad words": "[No Bad Words]",
  "intent": "Query",
  "sentiment": "Negative",
  "emotion": "Sad",
  "review": "No",
  "type": "[Appropriate]",
  "company": "autodesk-forum"
},{
  "_id": {
    "$oid": "5f7b1db12fef662296b96b3b"
  },
  "post": "I can't properly install the free Maya trail ! Help please !",
  "bad words": "[No Bad Words]",
  "intent": "Query",
  "sentiment": "Negative",
  "emotion": "Sad",
  "review": "No",
  "type": "[Appropriate]",
  "company": "autodesk-forum"
},{
  "_id": {
    "$oid": "5f7b1db12fef662296b96b3c"
  },
  "post": "Random movements between keyframes (HIK)",
  "bad words": "[No Bad Words]",
  "intent": "Spam",
  "sentiment": "Neutral",
  "emotion": "Fear",
  "review": "No",
  "type": "[Appropriate]",
  "company": "autodesk-forum"
},{
  "_id": {
    "$oid": "5f7b1ee02fef662296b96b48"
  },
  "post": "Creating Tool Palettes",
  "bad words": "[No Bad Words]",
  "intent": "Spam",
  "sentiment": "Neutral",
  "emotion": "Excited",
  "review": "No",
  "type": "[Appropriate]",
  "company": "autodesk-forum"
},{
  "_id": {
    "$oid": "5f7b1ee02fef662296b96b49"
  },
  "post": "does anyone else HATE Acad ?",
  "bad words": "[No Bad Words]",
  "intent": "Query",
  "sentiment": "Negative",
  "emotion": "Angry",
  "review": "No",
  "type": "[Appropriate]",
  "company": "autodesk-forum"
},{
  "_id": {
    "$oid": "5f7b1ee02fef662296b96b4a"
  },
  "post": "Why is autodesk support so horrible ?",
  "bad words": "[No Bad Words]",
  "intent": "Query",
  "sentiment": "Negative",
  "emotion": "Sad",
  "review": "No",
  "type": "[Appropriate]",
  "company": "autodesk-forum"
},{
  "_id": {
    "$oid": "5f7b1ee02fef662296b96b4b"
  },
  "post": "Go back to 2019 ?",
  "bad words": "[No Bad Words]",
  "intent": "Query",
  "sentiment": "Neutral",
  "emotion": "Fear",
  "review": "No",
  "type": "[Appropriate]",
  "company": "autodesk-forum"
},{
  "_id": {
    "$oid": "5f7b1ee02fef662296b96b4c"
  },
  "post": "Going crazy: versions from 2019 and on has problems with osnap!!!!",
  "bad words": "[No Bad Words]",
  "intent": "News",
  "sentiment": "Negative",
  "emotion": "Angry",
  "review": "No",
  "type": "[Appropriate]",
  "company": "autodesk-forum"
},{
  "_id": {
    "$oid": "5f7b1f5a2fef662296b96b58"
  },
  "post": "Email verification problem",
  "bad words": "[No Bad Words]",
  "intent": "Spam",
  "sentiment": "Negative",
  "emotion": "Angry",
  "review": "No",
  "type": "[Appropriate]",
  "company": "autodesk-forum"
},{
  "_id": {
    "$oid": "5f7b1f5a2fef662296b96b59"
  },
  "post": "Autocad spacebar issue and hatch set origin issue",
  "bad words": "[No Bad Words]",
  "intent": "News",
  "sentiment": "Neutral",
  "emotion": "Excited",
  "review": "No",
  "type": "[Appropriate]",
  "company": "autodesk-forum"
},{
  "_id": {
    "$oid": "5f7b27a74818b53922764f11"
  },
  "post": "Useless asses. Your mom is a whore",
  "bad words": "[whore]",
  "intent": "Complaint",
  "sentiment": "Negative",
  "emotion": "Angry",
  "review": "Yes",
  "type": "[Inappropriate]",
  "company": "autodesk"
}]