[{
  "_id": {
    "$oid": "5f19c86960839d19873bfc47"
  },
  "date": "2020/07/23",
  "category": "partial",
  "review": "yes",
  "url": "https://www.dhresource.com/0x0/f2/albu/g9/M00/3F/91/rBVaWFznUl2AaZanAAMr1sQ4B7k841.jpg"
},{
  "_id": {
    "$oid": "5f19cc5d543a6d654c84b628"
  },
  "url": "http://pbs.twimg.com/media/EdoMWlmUMAAy9_-.jpg:small",
  "category": "Safe",
  "review": "no",
  "date": "2020/07/23"
},{
  "_id": {
    "$oid": "5f19cc60543a6d654c84b62a"
  },
  "url": "http://pbs.twimg.com/media/EdoLwYyUEAAYHdX.png:small",
  "category": "Safe",
  "review": "no",
  "date": "2020/07/23"
},{
  "_id": {
    "$oid": "5f19cc63543a6d654c84b62c"
  },
  "url": "http://pbs.twimg.com/media/EdoLj0bU4AAtVW2.png:small",
  "category": "Safe",
  "review": "no",
  "date": "2020/07/24"
},{
  "_id": {
    "$oid": "5f19d34c67951b3b4a79ba53"
  },
  "url": "http://pbs.twimg.com/media/EdoP2IxUYAAbLDt.png:small",
  "category": "Safe",
  "review": "no",
  "date": "2020/07/22"
},{
  "_id": {
    "$oid": "5f19d34f67951b3b4a79ba55"
  },
  "url": "http://pbs.twimg.com/media/EdoPsOuUEAAm6RM.png:small",
  "category": "Safe",
  "review": "no",
  "date": "2020/07/22"
},{
  "_id": {
    "$oid": "5f19d57709c04e236a4bb89b"
  },
  "url": "http://pbs.twimg.com/media/EdoVcq0XkAA6xRY.png:small",
  "category": "Safe",
  "review": "no",
  "date": "2020/07/21"
},{
  "_id": {
    "$oid": "5f1a828d201e26020b677dc7"
  },
  "url": "http://pbs.twimg.com/media/Edq-VuYX0AAhlhf.png:small",
  "category": "Safe",
  "review": "no",
  "date": "2020/07/22"
},{
  "_id": {
    "$oid": "5f1a82a8201e26020b677dc9"
  },
  "url": "http://pbs.twimg.com/media/EdrAPALWAAEj250.png:small",
  "category": "Safe",
  "review": "no",
  "date": "2020/07/21"
},{
  "_id": {
    "$oid": "5f1a82b4201e26020b677dcb"
  },
  "url": "http://pbs.twimg.com/media/Edq-VuYX0AAhlhf.png:small",
  "category": "Safe",
  "review": "no",
  "date": "2020/07/20"
},{
  "_id": {
    "$oid": "5f1a82e9201e26020b677dcd"
  },
  "url": "http://pbs.twimg.com/media/EdrAPALWAAEj250.png:small",
  "category": "Safe",
  "review": "no",
  "date": "2020/07/24"
},{
  "_id": {
    "$oid": "5f1a82f5201e26020b677dcf"
  },
  "url": "http://pbs.twimg.com/media/Edq-VuYX0AAhlhf.png:small",
  "category": "Safe",
  "review": "no",
  "date": "2020/07/19"
},{
  "_id": {
    "$oid": "5f1a858d43d6951153978979"
  },
  "url": "http://pbs.twimg.com/media/EdrAPALWAAEj250.png:small",
  "category": "Safe",
  "review": "no",
  "date": "2020/07/21"
},{
  "_id": {
    "$oid": "5f1a866343d695115397897b"
  },
  "url": "http://pbs.twimg.com/ext_tw_video_thumb/1286467612889640964/pu/img/zF4A0SAdEQdoqCjd.jpg:small",
  "category": "Safe",
  "review": "no",
  "date": "2020/07/22"
},{
  "_id": {
    "$oid": "5f1a866943d695115397897d"
  },
  "url": "http://pbs.twimg.com/ext_tw_video_thumb/1286317848374042624/pu/img/xm9p55W_yVFyZnS2.jpg:small",
  "category": "Safe",
  "review": "no",
  "date": "2020/07/18"
},{
  "_id": {
    "$oid": "5f1a866d43d695115397897f"
  },
  "url": "http://pbs.twimg.com/ext_tw_video_thumb/1286527962620268544/pu/img/G62F9XAWFzAQNfWL.jpg:small",
  "category": "Safe",
  "review": "no",
  "date": "2020/07/19"
}]