[{
  "_id": {
    "$oid": "5f6041356fe27924c4a72553"
  },
  "post": "Who else thinks these graphics look like an ass ?",
  "bad words": "[ass]",
  "intent": "Complaint",
  "sentiment": "Negative",
  "emotion": "Fear",
  "image": "No image",
  "review": "Yes",
  "company": "t2games"
},{
  "_id": {
    "$oid": "5f6041356fe27924c4a72554"
  },
  "post": "I thought this was another stupid ass helicopter glitch in nba",
  "bad words": "[stupid, ass]",
  "intent": "Complaint",
  "sentiment": "Negative",
  "emotion": "Angry",
  "image": "No image",
  "review": "Yes",
  "company": "t2games"
},{
  "_id": {
    "$oid": "5f6041356fe27924c4a72555"
  },
  "post": "This is the ugliest looking wrestling game ever",
  "bad words": "[No Bad Words]",
  "intent": "Complaint",
  "sentiment": "Negative",
  "emotion": "Fear",
  "image": "No image",
  "review": "No",
  "company": "t2games"
},{
  "_id": {
    "$oid": "5f6041356fe27924c4a72556"
  },
  "post": "I wish y'all would work on 2k cuz it's ass!",
  "bad words": "[ass]",
  "intent": "Complaint",
  "sentiment": "Negative",
  "emotion": "Angry",
  "image": "No image",
  "review": "Yes",
  "company": "t2games"
},{
  "_id": {
    "$oid": "5f6041356fe27924c4a72557"
  },
  "post": "Bro what is with the horrible graphics. Isn't this 2020",
  "bad words": "[No Bad Words]",
  "intent": "Complaint",
  "sentiment": "Negative",
  "emotion": "Angry",
  "image": "No image",
  "review": "No",
  "company": "t2games"
},{
  "_id": {
    "$oid": "5f6043a96fe27924c4a7255c"
  },
  "post": "Quit making other games and worry about 2k the games garbage",
  "bad words": "[No Bad Words]",
  "intent": "Complaint",
  "sentiment": "Negative",
  "emotion": "Angry",
  "image": "No image",
  "review": "No",
  "company": "t2games"
},{
  "_id": {
    "$oid": "5f6043a96fe27924c4a7255d"
  },
  "post": "They aren't gon make a good 2k cuz they know we gon $60 for the same broken game every year",
  "bad words": "[No Bad Words]",
  "intent": "Complaint",
  "sentiment": "Negative",
  "emotion": "Angry",
  "image": "No image",
  "review": "No",
  "company": "t2games"
},{
  "_id": {
    "$oid": "5f6043a96fe27924c4a7255e"
  },
  "post": "For those shitting on this game..... It's not even out yet. It's supposed to be an arcade style game. And the people making this much different than their simulation games made in the past. Good luck 2k. I'm excited for this one.",
  "bad words": "[shitting]",
  "intent": "Complaint",
  "sentiment": "Negative",
  "emotion": "Excited",
  "image": "No image",
  "review": "Yes",
  "company": "t2games"
},{
  "_id": {
    "$oid": "5f6043a96fe27924c4a7255f"
  },
  "post": "Focused on the wrong game 2k20 sucks and your making wwe lol",
  "bad words": "[suck, sucks]",
  "intent": "Complaint",
  "sentiment": "Negative",
  "emotion": "Excited",
  "image": "No image",
  "review": "Yes",
  "company": "t2games"
},{
  "_id": {
    "$oid": "5f6043a96fe27924c4a72560"
  },
  "post": "Just sell wwe to someone that'll actually make good game",
  "bad words": "[No Bad Words]",
  "intent": "Spam",
  "sentiment": "Positive",
  "emotion": "Excited",
  "image": "No image",
  "review": "No",
  "company": "t2games"
},{
  "_id": {
    "$oid": "5f60457e6fe27924c4a72566"
  },
  "post": "In Jesus' Name imagine how that top-ic of conversation is going \"GiGi & Bella if y'all are gay for me just say so\" Yolanda Johanna \" Jacoba\" van den Herik & that's why I call them \"MotherF*ckers\" in Jesus' Name Amen",
  "bad words": "[fcker, f+ck,]",
  "intent": "Spam",
  "sentiment": "Neutral",
  "emotion": "Fear",
  "image": "No image",
  "review": "Yes",
  "company": "t2games"
},{
  "_id": {
    "$oid": "5f60457e6fe27924c4a72568"
  },
  "post": "do you all niggas know how to make a game coz I can",
  "bad words": "[niggas]",
  "intent": "Spam",
  "sentiment": "Neutral",
  "emotion": "Excited",
  "image": "No image",
  "review": "Yes",
  "company": "t2games"
},{
  "_id": {
    "$oid": "5f75b71ef9f4995c1e2a98bc"
  },
  "post": "Take that gay logo out y'all gay asf f gays",
  "bad words": "[gay]",
  "intent": "Spam",
  "sentiment": "Negative",
  "emotion": "Angry",
  "image": "No image",
  "review": "Yes",
  "company": "tommyhilfiger"
},{
  "_id": {
    "$oid": "5f75b71ff9f4995c1e2a98bd"
  },
  "post": "In Jesus' Name imagine how that top-ic of conversation is going \"GiGi & Bella if y'all are gay for me just say so\" Yolanda Johanna \" Jacoba\" van den Herik & that's why I call them \"MotherF*ckers\" in Jesus' Name Amen",
  "bad words": "[gay, motherf*ckers]",
  "intent": "Spam",
  "sentiment": "Neutral",
  "emotion": "Fear",
  "image": "No image",
  "review": "Yes",
  "company": "tommyhilfiger"
},{
  "_id": {
    "$oid": "5f75b71ff9f4995c1e2a98be"
  },
  "post": "These lesbians take it personal when they are no longer the best p*say eaters competition w/lesbians \" I'll challenge a lesbian",
  "bad words": "[lesbian]",
  "intent": "Spam",
  "sentiment": "Negative",
  "emotion": "Angry",
  "image": "No image",
  "review": "Yes",
  "company": "tommyhilfiger"
},{
  "_id": {
    "$oid": "5f75b71ff9f4995c1e2a98bf"
  },
  "post": "do you all niggas know how to make a game coz I can",
  "bad words": "[niggas]",
  "intent": "Spam",
  "sentiment": "Neutral",
  "emotion": "Excited",
  "image": "No image",
  "review": "Yes",
  "company": "tommyhilfiger"
},{
  "_id": {
    "$oid": "5f75b71ff9f4995c1e2a98c0"
  },
  "post": "Quit making other games and worry about 2k the games garbage",
  "bad words": "[No Bad Words]",
  "intent": "Complaint",
  "sentiment": "Negative",
  "emotion": "Angry",
  "image": "No image",
  "review": "No",
  "company": "tommyhilfiger"
},{
  "_id": {
    "$oid": "5f7b15273117ab63d89d0850"
  },
  "post": "Could you please tell me if there is official training (learning) classes in Montreal, Qeubec, Canada? Thankyou.",
  "bad words": "[No Bad Words]",
  "intent": "Query",
  "sentiment": "Positive",
  "emotion": "Happy",
  "image": "No image",
  "review": "No",
  "company": "autodesk"
},{
  "_id": {
    "$oid": "5f7b15273117ab63d89d0851"
  },
  "post": "Hi I need urgent help with your sketchbook pro. I cannot work properly and you will not allow me to remove l email or call support! No one is getting back to me on Twitter. Please advise!",
  "bad words": "[No Bad Words]",
  "intent": "Query",
  "sentiment": "Negative",
  "emotion": "Angry",
  "image": "No image",
  "review": "No",
  "company": "autodesk"
},{
  "_id": {
    "$oid": "5f7b15273117ab63d89d0852"
  },
  "post": "What specifications should a laptop have for Revit software and a variety of quality outputs ?",
  "bad words": "[No Bad Words]",
  "intent": "Query",
  "sentiment": "Negative",
  "emotion": "Angry",
  "image": "No image",
  "review": "No",
  "company": "autodesk"
},{
  "_id": {
    "$oid": "5f7b15273117ab63d89d0853"
  },
  "post": "@autodesk why can't turn off the selection boxes around my imported object",
  "bad words": "[No Bad Words]",
  "intent": "Query",
  "sentiment": "Negative",
  "emotion": "Angry",
  "image": "No image",
  "review": "No",
  "company": "autodesk"
},{
  "_id": {
    "$oid": "5f7b15273117ab63d89d0854"
  },
  "post": "Hellllllllllpe me please. 💜 Fatal error: unhandled e043435d....solution ?",
  "bad words": "[No Bad Words]",
  "intent": "Query",
  "sentiment": "Neutral",
  "emotion": "Sad",
  "image": "No image",
  "review": "No",
  "company": "autodesk"
},{
  "_id": {
    "$oid": "5f7b15af3117ab63d89d0860"
  },
  "post": "Your maya still crashes",
  "bad words": "[No Bad Words]",
  "intent": "Spam",
  "sentiment": "Negative",
  "emotion": "Angry",
  "image": "No image",
  "review": "No",
  "company": "autodesk"
},{
  "_id": {
    "$oid": "5f7b15af3117ab63d89d0861"
  },
  "post": "This is nice and also the only way for me to access support. I have been having issues with fusion 360 that are not client side, however there is no way to contact customer support without having a full subscription, and I have a personal copy.",
  "bad words": "[No Bad Words]",
  "intent": "Query",
  "sentiment": "Negative",
  "emotion": "Angry",
  "image": "No image",
  "review": "No",
  "company": "autodesk"
},{
  "_id": {
    "$oid": "5f7b15af3117ab63d89d0862"
  },
  "post": "@autodesk Good afternoon, please tell me who you can contact, about the developnent of sales AutoCAD software in Russia.\nRegards, Wage.",
  "bad words": "[No Bad Words]",
  "intent": "Suggestion",
  "sentiment": "Neutral",
  "emotion": "Happy",
  "image": "No image",
  "review": "No",
  "company": "autodesk"
},{
  "_id": {
    "$oid": "5f7b15af3117ab63d89d0863"
  },
  "post": "To bad this costs alot",
  "bad words": "[No Bad Words]",
  "intent": "News",
  "sentiment": "Negative",
  "emotion": "Sad",
  "image": "No image",
  "review": "No",
  "company": "autodesk"
},{
  "_id": {
    "$oid": "5f7b15af3117ab63d89d0864"
  },
  "post": "Anything cool couples with Autodesk becomes frustrating. Moving away from Autodesk this year 🤮 had enough.",
  "bad words": "[No Bad Words]",
  "intent": "Complaint",
  "sentiment": "Negative",
  "emotion": "Angry",
  "image": "No image",
  "review": "No",
  "company": "autodesk"
},{
  "_id": {
    "$oid": "5f7b16173117ab63d89d0870"
  },
  "post": "Yours drawing app kicks me out after on hours of work and decides to delete my layers. 😔",
  "bad words": "[No Bad Words]",
  "intent": "Query",
  "sentiment": "Negative",
  "emotion": "Angry",
  "image": "No image",
  "review": "No",
  "company": "autodesk"
},{
  "_id": {
    "$oid": "5f7b16173117ab63d89d0871"
  },
  "post": "Fix your products before trying to fix the world maybe ?",
  "bad words": "[No Bad Words]",
  "intent": "Query",
  "sentiment": "Negative",
  "emotion": "Sad",
  "image": "No image",
  "review": "No",
  "company": "autodesk"
},{
  "_id": {
    "$oid": "5f7b16173117ab63d89d0872"
  },
  "post": "Nope! Not walking through mystery spray. \nI can just hear the lawyers advertising on the radio 10years from now for their future class action lawsuit.",
  "bad words": "[No Bad Words]",
  "intent": "Complaint",
  "sentiment": "Negative",
  "emotion": "Angry",
  "image": "No image",
  "review": "No",
  "company": "autodesk"
},{
  "_id": {
    "$oid": "5f7b16173117ab63d89d0873"
  },
  "post": "You never add sculpting features to 3dsmax goal to sell mudbox!!! But the result is guys push away to other 3ds softwares like blender😠😠😠😠😠😠😠😠😠😠😠😠",
  "bad words": "[No Bad Words]",
  "intent": "News",
  "sentiment": "Negative",
  "emotion": "Angry",
  "image": "No image",
  "review": "No",
  "company": "autodesk"
},{
  "_id": {
    "$oid": "5f7b16173117ab63d89d0874"
  },
  "post": "All for the money",
  "bad words": "[No Bad Words]",
  "intent": "Marketing",
  "sentiment": "Positive",
  "emotion": "Excited",
  "image": "No image",
  "review": "No",
  "company": "autodesk"
},{
  "_id": {
    "$oid": "5f7b16cd3117ab63d89d0880"
  },
  "post": "Autodesk support fossil fuel and coal extraction in the largest and most pollution coal mine of Europe. Then @autodeskfdn posts \"green PR\" to distract us from their devastating impact. Http://autodesk.earth",
  "bad words": "[No Bad Words]",
  "intent": "News",
  "sentiment": "Negative",
  "emotion": "Angry",
  "image": "No image",
  "review": "No",
  "company": "autodesk"
},{
  "_id": {
    "$oid": "5f7b16cd3117ab63d89d0881"
  },
  "post": "Burning the planet 🔥🌏💀 @autodesk is supporting coal mining, and emits 270000 tons of CO2 every single day. Full details on www.boycottautodesk.com",
  "bad words": "[No Bad Words]",
  "intent": "News",
  "sentiment": "Positive",
  "emotion": "Excited",
  "image": "No image",
  "review": "No",
  "company": "autodesk"
},{
  "_id": {
    "$oid": "5f7b16cd3117ab63d89d0882"
  },
  "post": "SO YOU KNEW AND DIDN'T SAY ANYTHING ?!?! THERE'S NOTHING COOL ABOUT THIS YOU GUYS WERE COMPLICIT!!!!",
  "bad words": "[No Bad Words]",
  "intent": "Query",
  "sentiment": "Negative",
  "emotion": "Angry",
  "image": "No image",
  "review": "No",
  "company": "autodesk"
},{
  "_id": {
    "$oid": "5f7b16cd3117ab63d89d0883"
  },
  "post": "You are make me sick 🤢, guys how I gona use my autocad again. How a man sleeps with another man or women wlrh another women. Didn't you see what happened to Pompeii/Italy",
  "bad words": "[No Bad Words]",
  "intent": "Query",
  "sentiment": "Negative",
  "emotion": "Angry",
  "image": "No image",
  "review": "No",
  "company": "autodesk"
},{
  "_id": {
    "$oid": "5f7b16cd3117ab63d89d0884"
  },
  "post": "Is this the company that have such a \"professional\" answer to open letter regarding Revit ? Like; we hear you but we don't agree with you, here's a middle finger couz we don't care and you have to use Revit since we have monopoly?!",
  "bad words": "[No Bad Words]",
  "intent": "Complaint",
  "sentiment": "Negative",
  "emotion": "Angry",
  "image": "No image",
  "review": "No",
  "company": "autodesk"
},{
  "_id": {
    "$oid": "5f7b175c3117ab63d89d0890"
  },
  "post": "While 13% of America is black they still make up for 50% of crime",
  "bad words": "[No Bad Words]",
  "intent": "Complaint",
  "sentiment": "Negative",
  "emotion": "Fear",
  "image": "No image",
  "review": "No",
  "company": "autodesk"
}]