[{
  "_id": {
    "$oid": "5f7c5522af8c3202df80aa32"
  },
  "service": "ParallelDots",
  "count": 15,
  "date": "2020-10-06"
},{
  "_id": {
    "$oid": "5f7c5522af8c3202df80aa33"
  },
  "service": "ModerateContent",
  "count": 6,
  "date": "2020-10-08"
},{
  "_id": {
    "$oid": "5f7c6f394af49b490e6859cb"
  },
  "service": "ParallelDots",
  "count": 15,
  "date": "2020-10-06"
},{
  "_id": {
    "$oid": "5f7c6f394af49b490e6859cc"
  },
  "service": "ModerateContent",
  "count": 0,
  "date": "2020-10-06"
},{
  "_id": {
    "$oid": "5f7c700dee79602404f63a4a"
  },
  "service": "ParallelDots",
  "count": 15,
  "date": "2020-10-06"
},{
  "_id": {
    "$oid": "5f7c700eee79602404f63a4b"
  },
  "service": "ModerateContent",
  "count": 0,
  "date": "2020-10-06"
},{
  "_id": {
    "$oid": "5f7daff64231b66789e1133a"
  },
  "service": "ModerateContent",
  "count": 19,
  "date": "2020-10-07"
},{
  "_id": {
    "$oid": "5f7db11d4231b66789e1133c"
  },
  "service": "ParallelDots",
  "count": 147,
  "date": "2020-10-07"
},{
  "_id": {
    "$oid": "5f7db66a4231b66789e113a8"
  },
  "service": "ModerateContent",
  "count": 4,
  "date": "2020-10-07"
},{
  "_id": {
    "$oid": "5f8822f7a54c06439b08f26f"
  },
  "service": "ParallelDots",
  "count": 15,
  "date": "2020-10-15"
},{
  "_id": {
    "$oid": "5f8822f7a54c06439b08f270"
  },
  "service": "ModerateContent",
  "count": 0,
  "date": "2020-10-15"
},{
  "_id": {
    "$oid": "5f8824492eb63019d793992a"
  },
  "service": "ParallelDots",
  "count": 15,
  "date": "2020-10-15"
},{
  "_id": {
    "$oid": "5f8824492eb63019d793992b"
  },
  "service": "ModerateContent",
  "count": 0,
  "date": "2020-10-15"
},{
  "_id": {
    "$oid": "5f88257c2eb63019d7939934"
  },
  "service": "ParallelDots",
  "count": 15,
  "date": "2020-10-15"
},{
  "_id": {
    "$oid": "5f88257c2eb63019d7939935"
  },
  "service": "ModerateContent",
  "count": 0,
  "date": "2020-10-15"
},{
  "_id": {
    "$oid": "5f8825a9e7a89e0986a82b6d"
  },
  "service": "ParallelDots",
  "count": 15,
  "date": "2020-10-15"
},{
  "_id": {
    "$oid": "5f8825a9e7a89e0986a82b6e"
  },
  "service": "ModerateContent",
  "count": 0,
  "date": "2020-10-15"
},{
  "_id": {
    "$oid": "5f88266c3787d618b43c9d76"
  },
  "service": "ParallelDots",
  "count": 15,
  "date": "2020-10-15"
},{
  "_id": {
    "$oid": "5f88266c3787d618b43c9d77"
  },
  "service": "ModerateContent",
  "count": 0,
  "date": "2020-10-15"
},{
  "_id": {
    "$oid": "5f88276b17455d7b711bac8b"
  },
  "service": "ParallelDots",
  "count": 15,
  "date": "2020-10-15"
},{
  "_id": {
    "$oid": "5f88276b17455d7b711bac8c"
  },
  "service": "ModerateContent",
  "count": 0,
  "date": "2020-10-15"
},{
  "_id": {
    "$oid": "5f88289b8579531f88da7752"
  },
  "service": "ParallelDots",
  "count": 15,
  "date": "2020-10-15"
},{
  "_id": {
    "$oid": "5f88289b8579531f88da7753"
  },
  "service": "ModerateContent",
  "count": 0,
  "date": "2020-10-15"
},{
  "_id": {
    "$oid": "5f882b4f07028f265387a9fe"
  },
  "service": "ParallelDots",
  "count": 30,
  "date": "2020-10-15"
},{
  "_id": {
    "$oid": "5f882b4f07028f265387a9ff"
  },
  "service": "ModerateContent",
  "count": 0,
  "date": "2020-10-15"
},{
  "_id": {
    "$oid": "5f882c4f07028f265387aa0d"
  },
  "service": "ParallelDots",
  "count": 30,
  "date": "2020-10-15"
},{
  "_id": {
    "$oid": "5f882c4f07028f265387aa0e"
  },
  "service": "ModerateContent",
  "count": 0,
  "date": "2020-10-15"
},{
  "_id": {
    "$oid": "5f882d62cb34de1fbc11afb9"
  },
  "service": "ParallelDots",
  "count": 30,
  "date": "2020-10-15"
},{
  "_id": {
    "$oid": "5f882d62cb34de1fbc11afba"
  },
  "service": "ModerateContent",
  "count": 0,
  "date": "2020-10-15"
},{
  "_id": {
    "$oid": "5f882e3f70b6a57e2f41bc0c"
  },
  "service": "ParallelDots",
  "count": 30,
  "date": "2020-10-15"
},{
  "_id": {
    "$oid": "5f882e3f70b6a57e2f41bc0d"
  },
  "service": "ModerateContent",
  "count": 0,
  "date": "2020-10-15"
},{
  "_id": {
    "$oid": "5f882f4e70b6a57e2f41bc27"
  },
  "service": "ParallelDots",
  "count": 30,
  "date": "2020-10-15"
},{
  "_id": {
    "$oid": "5f882f4e70b6a57e2f41bc28"
  },
  "service": "ModerateContent",
  "count": 0,
  "date": "2020-10-15"
},{
  "_id": {
    "$oid": "5f883f2b62c96e2242c8b06f"
  },
  "service": "ParallelDots",
  "count": 30,
  "date": "2020-10-15"
},{
  "_id": {
    "$oid": "5f883f2b62c96e2242c8b070"
  },
  "service": "ModerateContent",
  "count": 0,
  "date": "2020-10-15"
},{
  "_id": {
    "$oid": "5f8845f65b5c23594333758e"
  },
  "service": "ParallelDots",
  "count": 15,
  "date": "2020-10-15"
},{
  "_id": {
    "$oid": "5f8845f65b5c23594333758f"
  },
  "service": "ModerateContent",
  "count": 0,
  "date": "2020-10-15"
},{
  "_id": {
    "$oid": "5f88477db810fe74d928fd4e"
  },
  "service": "ParallelDots",
  "count": 30,
  "date": "2020-10-15"
},{
  "_id": {
    "$oid": "5f88477db810fe74d928fd4f"
  },
  "service": "ModerateContent",
  "count": 0,
  "date": "2020-10-15"
},{
  "_id": {
    "$oid": "5f884b7eb810fe74d928fdc5"
  },
  "service": "ParallelDots",
  "count": 48,
  "date": "2020-10-15"
},{
  "_id": {
    "$oid": "5f884b7eb810fe74d928fdc6"
  },
  "service": "ModerateContent",
  "count": 0,
  "date": "2020-10-15"
},{
  "_id": {
    "$oid": "5f89494567e9d041d9047517"
  },
  "service": "ParallelDots",
  "count": 15,
  "date": "2020-10-16"
},{
  "_id": {
    "$oid": "5f89494667e9d041d9047518"
  },
  "service": "ModerateContent",
  "count": 0,
  "date": "2020-10-16"
},{
  "_id": {
    "$oid": "5f894bcaab331a728fb6bf6d"
  },
  "service": "ParallelDots",
  "count": 15,
  "date": "2020-10-16"
},{
  "_id": {
    "$oid": "5f894bcaab331a728fb6bf6e"
  },
  "service": "ModerateContent",
  "count": 0,
  "date": "2020-10-16"
}]