[{
  "_id": {
    "$oid": "5f5f5fc903cf500a0064e31e"
  },
  "tweet": "What Bout nba ? Make it a bit better maybe? Update yo garbage ass game so i Can play it again Thank you !",
  "bad words": "[ass]",
  "intent": "Suggestion",
  "sentiment": "Neutral",
  "emotion": "Happy",
  "image": "No image",
  "review": "Yes",
  "company": "t2games",
  "Date": "2020-09-01"
},{
  "_id": {
    "$oid": "5f5f5fc903cf500a0064e31f"
  },
  "tweet": "How can you charge £35 for that shit",
  "bad words": "[shit]",
  "intent": "Query",
  "sentiment": "Negative",
  "emotion": "Angry",
  "image": "No image",
  "review": "Yes",
  "company": "t2games",
  "Date": "2020-09-01"
},{
  "_id": {
    "$oid": "5f5f5fc903cf500a0064e320"
  },
  "tweet": "Why the fuck is kalisto in the game",
  "bad words": "[fuck]",
  "intent": "Query",
  "sentiment": "Negative",
  "emotion": "Angry",
  "image": "No image",
  "review": "Yes",
  "company": "t2games",
  "Date": "2020-09-01"
},{
  "_id": {
    "$oid": "5f5f5fc903cf500a0064e321"
  },
  "tweet": "FIX YALL FUCKIN NBA 2k20 GAME!!! That shit broke af!!!! That ain’t fuckin basketball",
  "bad words": "[fukkin, shit, fukkin]",
  "intent": "Complaint",
  "sentiment": "Negative",
  "emotion": "Angry",
  "image": "No image",
  "review": "Yes",
  "company": "t2games",
  "Date": "2020-09-02"
},{
  "_id": {
    "$oid": "5f5f5fc903cf500a0064e322"
  },
  "tweet": "Are Playboys coming back? Or some other collectible with boobies?",
  "bad words": "[boobies]",
  "intent": "Query",
  "sentiment": "Neutral",
  "emotion": "Fear",
  "image": "No image",
  "review": "Yes",
  "company": "t2games",
  "Date": "2020-09-02"
},{
  "_id": {
    "$oid": "5f5f607603cf500a0064e327"
  },
  "tweet": "Where the fuck is Aj Styles?",
  "bad words": "[fuck]",
  "intent": "Query",
  "sentiment": "Negative",
  "emotion": "Angry",
  "image": "No image",
  "review": "Yes",
  "company": "t2games",
  "Date": "2020-09-02"
},{
  "_id": {
    "$oid": "5f5f607603cf500a0064e328"
  },
  "tweet": "FIX MAFIA II & III, DONT CANCEL THE GAMEPLAY PREVIEW FOR MAFIA REMASTERED. SHOW US THAT YOU FUCKING CARE ABOUT YOUR GAMES AND YOUR FAN BASE!",
  "bad words": "[fucking]",
  "intent": "Suggestion",
  "sentiment": "Negative",
  "emotion": "Angry",
  "image": "No image",
  "review": "Yes",
  "company": "t2games",
  "Date": "2020-09-02"
},{
  "_id": {
    "$oid": "5f5f607603cf500a0064e329"
  },
  "tweet": "So after u all decide to fck us on the trilogy. By unpatching mafia 3 a game that people have had. The horrendous d… https://t.co/Ep1DXX0LO5",
  "bad words": "[fck]",
  "intent": "Complaint",
  "sentiment": "Negative",
  "emotion": "Angry",
  "image": "No image",
  "review": "Yes",
  "company": "t2games",
  "Date": "2020-09-03"
},{
  "_id": {
    "$oid": "5f5f607603cf500a0064e32a"
  },
  "tweet": "A TRIP TO THE COUNTRY OMG OMG OMG !!! IT LOOKS SO FUCKING GOOD Now I'm more hyped. I can feel it will meet our expectations-",
  "bad words": "[fucking, dick]",
  "intent": "Appreciation",
  "sentiment": "Positive",
  "emotion": "Happy",
  "image": "No image",
  "review": "Yes",
  "company": "t2games",
  "Date": "2020-09-03"
},{
  "_id": {
    "$oid": "5f5f607603cf500a0064e32b"
  },
  "tweet": "I bet it has shitty unlock system like their NBA Jam wanna-be. If that is the case, be prepared to spend money.....",
  "bad words": "[shitt, shitty]",
  "intent": "Suggestion",
  "sentiment": "Negative",
  "emotion": "Angry",
  "image": "No image",
  "review": "Yes",
  "company": "t2games",
  "Date": "2020-09-03"
},{
  "_id": {
    "$oid": "5f608f3e3580aa6b5124656c"
  },
  "tweet": "Uber keeps trying to charge my card for rides that I'm not taking. I turned transactions off on my card so I wasn't charged but imma need it to stop. No one else has my info",
  "bad words": "[No Bad Word]",
  "intent": "Complaint",
  "sentiment": "Negative",
  "emotion": "Angry",
  "image": "No image",
  "review": "No",
  "company": "uber",
  "Date": "2020-09-04"
},{
  "_id": {
    "$oid": "5f608f3e3580aa6b5124656d"
  },
  "tweet": "The manipulation of the driver rider match algorithm is a major ongoing issue that needs to be addressed at some point. The notion that requests go the closest in proximity driver is laughable at this point. Lower acceptance rate drivers are punished internally. TRANSPARENCY!!!!!",
  "bad words": "[No Bad Word]",
  "intent": "Complaint",
  "sentiment": "Negative",
  "emotion": "Angry",
  "image": "No image",
  "review": "No",
  "company": "uber",
  "Date": "2020-09-04"
},{
  "_id": {
    "$oid": "5f608f3e3580aa6b5124656e"
  },
  "tweet": "Fuck you Uber , you’re gonna make me drive 15 fucking minutes to pick up a driver and just to drop him off after 1 mile and pay me 2 fuckin dollars ? Y’all bitch Ass need to pay people for the whole trip and not when the driver get in the car",
  "bad words": "[fuck, fuckyou, fucking, fukkin, bitch, bitchass, ass]",
  "intent": "Complaint",
  "sentiment": "Negative",
  "emotion": "Angry",
  "image": "No image",
  "review": "Yes",
  "company": "uber",
  "Date": "2020-09-04"
},{
  "_id": {
    "$oid": "5f608f3e3580aa6b5124656f"
  },
  "tweet": "Uber..shove your email SPAM shit up your ass and look at all of the BLM Terrorism, riots and looting! They are in bed with the white-guilt ANTIFA idiots. #BLMTerrrorists",
  "bad words": "[shit, ass]",
  "intent": "Complaint",
  "sentiment": "Negative",
  "emotion": "Angry",
  "image": "No image",
  "review": "Yes",
  "company": "uber",
  "Date": "2020-09-04"
},{
  "_id": {
    "$oid": "5f6090493580aa6b51246576"
  },
  "tweet": "In #Japan, #Uber and #UberEats deliverer are fucking #assholes. They just create #troubles, #damage other cars on the road, break laws, but Uber takes absolutely no responsibility. Fuck Uber and UberEats seriously. #FuckUber #FuckUberEats #troublesome #外資系 #Uber死ね #manner",
  "bad words": "[fucking, fukkin, assholes, fuc, fuck, fuck, fuck]",
  "intent": "Complaint",
  "sentiment": "Negative",
  "emotion": "Angry",
  "image": "No image",
  "review": "Yes",
  "company": "uber",
  "Date": "2020-09-05"
},{
  "_id": {
    "$oid": "5f6090493580aa6b51246577"
  },
  "tweet": "30 fucking dollars between favourite places just for 10x points this is bullshit I pay 30 for a chance at 5 where's the value? Been using this app for years just to get over charged for mediocre service ill cause a boycott on this app and you and your drivers won't get paid",
  "bad words": "[fucking, bullshit]",
  "intent": "Query",
  "sentiment": "Negative",
  "emotion": "Angry",
  "image": "No image",
  "review": "Yes",
  "company": "uber",
  "Date": "2020-09-05"
},{
  "_id": {
    "$oid": "5f6090493580aa6b51246578"
  },
  "tweet": "I forgot a small black Adidas backpack. I am not able to reach out to anyone from #Uber to help me retrieve my item for over 24 hours I have tried to call and leave messages to drivers directly through #Uber APP and have submitted support tickets without anyone getting back to me",
  "bad words": "[No Bad Word]",
  "intent": "Query",
  "sentiment": "Negative",
  "emotion": "Sad",
  "image": "No image",
  "review": "No",
  "company": "uber",
  "Date": "2020-09-05"
},{
  "_id": {
    "$oid": "5f6090493580aa6b51246579"
  },
  "tweet": "I’ve committed drivers with Uber Eat up until suddenly my account blocked and I was accused of something that for 3 months battle to understand what I’ve done but no one have answers!! Accused, humiliated and disrespected putting me and my 2 children in difficulty’s...disgusting",
  "bad words": "[No Bad Word]",
  "intent": "Complaint",
  "sentiment": "Negative",
  "emotion": "Angry",
  "image": "No image",
  "review": "No",
  "company": "uber",
  "Date": "2020-09-05"
},{
  "_id": {
    "$oid": "5f609453c5a18e00c4ef6533"
  },
  "tweet": "Working from home allows me to scream \"fuck\" and cry when I need to debug #Autodesk native unmaged third party code without access to PDBs. Fuck their APIs. It's not gonna tank your closed business when the only usage for it is for PEOPLE WHO MAKE FREE STUFF FOR YOUR PROGRAMS.",
  "bad words": "[fuck]",
  "intent": "Complaint",
  "sentiment": "Negative",
  "emotion": "Angry",
  "image": "No image",
  "review": "Yes",
  "company": "autodesk",
  "Date": "2020-09-05"
},{
  "_id": {
    "$oid": "5f609453c5a18e00c4ef6534"
  },
  "tweet": "Hey \n@ADSK_Inventor\n your whole style library system is fucked. How can you make it so difficult? Your help page is fucking useless as well. Sort it the fuck out #inventor #autodesk",
  "bad words": "[fucked, fucking, fuck]",
  "intent": "Query",
  "sentiment": "Negative",
  "emotion": "Angry",
  "image": "No image",
  "review": "Yes",
  "company": "autodesk",
  "Date": "2020-09-05"
},{
  "_id": {
    "$oid": "5f609453c5a18e00c4ef6536"
  },
  "tweet": "How many black people do you employee?  If you are going to talk about it let's talk about it!",
  "bad words": "[No Bad Word]",
  "intent": "Suggestion",
  "sentiment": "Neutral",
  "emotion": "Angry",
  "image": "No image",
  "review": "No",
  "company": "autodesk",
  "Date": "2020-09-06"
},{
  "_id": {
    "$oid": "5f609453c5a18e00c4ef6537"
  },
  "tweet": "Go fuck yourself Autodesk.  If you want to hire foreigners, start your business in foreign lands.  If you want to have a company in the US, hire Americans.  You have declared economic war on American workers.  So go fuck yourself.\n\n#h1b\n#h1bvisa\n#immigration\n#americafirst",
  "bad words": "[fuck]",
  "intent": "Suggestion",
  "sentiment": "Negative",
  "emotion": "Angry",
  "image": "No image",
  "review": "Yes",
  "company": "autodesk",
  "Date": "2020-09-06"
},{
  "_id": {
    "$oid": "5f6095c574f0e02f8d7cd27b"
  },
  "tweet": "Absolute fucking bollocks, feels like a massive attack on the working class and lower income families.\nWhat about people without gardens who live in high-rises or flats. Great, if you've got money you can see your family if not well fuck you\n\n#SkyTV",
  "bad words": "[fucking, bollocks, fuck, fuckyou]",
  "intent": "Complaint",
  "sentiment": "Negative",
  "emotion": "Angry",
  "image": "No image",
  "review": "Yes",
  "company": "sky",
  "Date": "2020-09-06"
},{
  "_id": {
    "$oid": "5f6095c574f0e02f8d7cd27d"
  },
  "tweet": "Sky Q is shite. Internet is off all the time with the new hub and the mini box just has a blue screen even after doing all the technical 'fixes'. Plus the new main box is as slow as fuck. Avoid like the plague \n@SkyHelpTeam\n #SkyQ #skytv",
  "bad words": "[shite, fuck, fukka]",
  "intent": "Query",
  "sentiment": "Negative",
  "emotion": "Angry",
  "image": "No image",
  "review": "Yes",
  "company": "sky",
  "Date": "2020-09-06"
},{
  "_id": {
    "$oid": "5f6095c574f0e02f8d7cd27f"
  },
  "tweet": "#Netflix #nowtv #skyTV Get your shit together and put some NEW films out while where all stuck in doors ffs you tight fuckers  , no football no out out no fucking chance I want that bitch arse virus disease wtf they call it , more Rum lol",
  "bad words": "[shit, fuckers, fucking, bitch, arse, wtf]",
  "intent": "Complaint",
  "sentiment": "Negative",
  "emotion": "Angry",
  "image": "No image",
  "review": "Yes",
  "company": "sky",
  "Date": "2020-09-10"
},{
  "_id": {
    "$oid": "5f6097a864dec05b7b0f154b"
  },
  "tweet": "Marks & Spencer need to fuck off wid \"the perfect Xmas dinner\" adverts, prefer a fat messy stodgy plate me, fuck ye perfectness, snobby tit",
  "bad words": "[fuck, fuckoff, fuck, tit]",
  "intent": "Complaint",
  "sentiment": "Negative",
  "emotion": "Angry",
  "image": "No image",
  "review": "Yes",
  "company": "marks&spencer",
  "Date": "2020-09-10"
},{
  "_id": {
    "$oid": "5f6097a864dec05b7b0f154d"
  },
  "tweet": "why are you making it so hard for people to contact you via email or make a complaint? Your store telephone numbers all go through to a contact centre and often just ring out. #nothelpful #marksandspencercomplaint #marksandspencer",
  "bad words": "[No Bad Word]",
  "intent": "Query",
  "sentiment": "Negative",
  "emotion": "Angry",
  "image": "No image",
  "review": "No",
  "company": "marks&spencer",
  "Date": "2020-09-10"
},{
  "_id": {
    "$oid": "5f6097a864dec05b7b0f154e"
  },
  "tweet": "Fuck Marks & Spencer. The stores are overrated overpriced anyway. Extortionate prices for items of the same quality that can be bought cheaper elsewhere. Scotland will never be part of England. I had no idea insects could be bigoted until now.",
  "bad words": "[fuck, pricks]",
  "intent": "Query",
  "sentiment": "Negative",
  "emotion": "Angry",
  "image": "No image",
  "review": "Yes",
  "company": "marks&spencer",
  "Date": "2020-09-10"
},{
  "_id": {
    "$oid": "5f60984664dec05b7b0f1553"
  },
  "tweet": "Yoga bunny my ass, their #Easter bunnies have gone slutty. #marksandspencer \n@MandSnews",
  "bad words": "[ass, slutty]",
  "intent": "Spam",
  "sentiment": "Neutral",
  "emotion": "Fear",
  "image": "No image",
  "review": "Yes",
  "company": "marks&spencer",
  "Date": "2020-09-10"
},{
  "_id": {
    "$oid": "5f60984664dec05b7b0f1555"
  },
  "tweet": "This is a lie because at the bottom of the screen is the decision of #MarksAndSpencer';s decison to cut 950 jobs! Who the fuck cares, specially, they have blocked me on Twitter/Facebook and they ignore my letters #unpleasant!",
  "bad words": "[fuck]",
  "intent": "Query",
  "sentiment": "Negative",
  "emotion": "Angry",
  "image": "No image",
  "review": "Yes",
  "company": "marks&spencer",
  "Date": "2020-09-10"
},{
  "_id": {
    "$oid": "5f60984664dec05b7b0f1556"
  },
  "tweet": "You still haven’t answered my query as to why your shop staff allowed \n@gemmacollins\n to massively stock pile essentials!! Was it because she put their faces on her instagram page? Did they want the fame? Shameful behaviour from \n@marksandspencer",
  "bad words": "[No Bad Word]",
  "intent": "Query",
  "sentiment": "Negative",
  "emotion": "Angry",
  "image": "No image",
  "review": "No",
  "company": "marks&spencer",
  "Date": "2020-09-11"
},{
  "_id": {
    "$oid": "5f688a904cb40a75172c2087"
  },
  "tweet": "So you’re proud to be associated this weekend with Saudi Aramco #aramco? You’re happy with their definition of equality? #LGBTQpride \n@TommyHilfiger\n show your words are not just lip service. Speak out for Rainbow flag rights in Saudi Arabia #blm https://t.co/DPD3NpERX9",
  "bad words": "[No Bad Word]",
  "intent": "News",
  "sentiment": "Negative",
  "emotion": "Happy",
  "image": "Safe",
  "review": "No",
  "company": "tommyhilfiger",
  "Date": "2020-09-11"
},{
  "_id": {
    "$oid": "5f688a904cb40a75172c2088"
  },
  "tweet": "And yet @TommyHilfiger uses forced labour from the Uighur community?",
  "bad words": "[No Bad Word]",
  "intent": "Query",
  "sentiment": "Negative",
  "emotion": "Fear",
  "image": "No image",
  "review": "No",
  "company": "tommyhilfiger",
  "Date": "2020-09-11"
},{
  "_id": {
    "$oid": "5f688a904cb40a75172c2089"
  },
  "tweet": "Scuseme,\nI have completed my order and you have withdrawn the total amount from my VISA card, but it becomes clear to me on your site that I have no order and you did not send me a tracking number. I hope for a prompt reply. Thankyou.",
  "bad words": "[No Bad Word]",
  "intent": "Query",
  "sentiment": "Negative",
  "emotion": "Excited",
  "image": "No image",
  "review": "No",
  "company": "tommyhilfiger",
  "Date": "2020-09-11"
},{
  "_id": {
    "$oid": "5f688a904cb40a75172c208a"
  },
  "tweet": "You do know you are ruining your brand with this foray into politics? We know you  are saying these out of cowardice and flying below radar by publicly aligning yourselves with BLM.",
  "bad words": "[No Bad Word]",
  "intent": "Query",
  "sentiment": "Negative",
  "emotion": "Angry",
  "image": "No image",
  "review": "No",
  "company": "tommyhilfiger",
  "Date": "2020-09-11"
},{
  "_id": {
    "$oid": "5f688a904cb40a75172c208b"
  },
  "tweet": "Good to see you support an organisation (BLM) that aligns itself with other terrorist organisations such as Hamas!",
  "bad words": "[No Bad Word]",
  "intent": "Appreciation",
  "sentiment": "Positive",
  "emotion": "Angry",
  "image": "No image",
  "review": "No",
  "company": "tommyhilfiger",
  "Date": "2020-09-12"
},{
  "_id": {
    "$oid": "5f688d844cb40a75172c2096"
  },
  "tweet": "Hi. Would like to ask assistance about product I buy from TommyHilfiger UAE. I've been buying several item already but apparently the last item I bought seems to counterfeit. The packaging was awful, no tag and no marks of authenticity. I send email to their CS but very unhelpful",
  "bad words": "[No Bad Word]",
  "intent": "Query",
  "sentiment": "Negative",
  "emotion": "Sad",
  "image": "No image",
  "review": "No",
  "company": "tommyhilfiger",
  "Date": "2020-09-12"
},{
  "_id": {
    "$oid": "5f688d844cb40a75172c2097"
  },
  "tweet": "It is precious that you join in the global fight for the rights of the employees of your stores @TommyHilfigerSp to be respected ? Unfair dismissal, unpaid payroll.... All of them while paying millionaire contracts to famous and wealthy people.",
  "bad words": "[No Bad Word]",
  "intent": "News",
  "sentiment": "Negative",
  "emotion": "Angry",
  "image": "No image",
  "review": "No",
  "company": "tommyhilfiger",
  "Date": "2020-09-12"
},{
  "_id": {
    "$oid": "5f688d844cb40a75172c2098"
  },
  "tweet": "Your contact number for UK doesn’t work and online contact form messages are never replied.",
  "bad words": "[No Bad Word]",
  "intent": "Query",
  "sentiment": "Negative",
  "emotion": "Angry",
  "image": "No image",
  "review": "No",
  "company": "tommyhilfiger",
  "Date": "2020-09-12"
},{
  "_id": {
    "$oid": "5f69e76cde6f8664fe8fdf5e"
  },
  "tweet": "Fuck them niggas. And I’ll never buy the clothes again. Had managers start rumors among the employees to start drama and shit. But HR only investigated me ? I quit that piece of shit job. The weekly checks were valid tho Loudly crying faceLoudly crying face",
  "bad words": "[fuck, piece of shit, shit, niggas]",
  "intent": "Complaint",
  "sentiment": "Negative",
  "emotion": "Angry",
  "image": "No image",
  "review": "Yes",
  "company": "tommyhilfiger",
  "Date": "2020-09-13"
},{
  "_id": {
    "$oid": "5f69e76cde6f8664fe8fdf5f"
  },
  "tweet": "Fuck buying stuff from this tax avoiding prick, sell your clothes and donate to the people of the UK who have suffered because of this pandemic",
  "bad words": "[fuck]",
  "intent": "Query",
  "sentiment": "Negative",
  "emotion": "Angry",
  "image": "No image",
  "review": "Yes",
  "company": "tommyhilfiger",
  "Date": "2020-09-15"
},{
  "_id": {
    "$oid": "5f69e76cde6f8664fe8fdf60"
  },
  "tweet": "For fuck sake, shut the fuck up! With your ‘WE will rise’. Wtf is goal right now? World domination by black people? You are a fucking joke! Just used the podium for your own good. Hypocrisy! #tommyhilfiger #hugoboss #fake",
  "bad words": "[fuck, fucking, wtf]",
  "intent": "Query",
  "sentiment": "Negative",
  "emotion": "Angry",
  "image": "No image",
  "review": "Yes",
  "company": "tommyhilfiger",
  "Date": "2020-09-15"
},{
  "_id": {
    "$oid": "5f69e76cde6f8664fe8fdf61"
  },
  "tweet": "I Was Wondering If You Gone Let Ah Hood Nigga Put This Ass In Yo Face #RETWEET & #Follow If I Can Peach #Charlottefreaks #VersTop #Vers #Versace #tommyhilfiger #FatAss #juicybooty #hung #horny #thickbooty",
  "bad words": "[ass, nigga, fatass, juicybooty, horny, thickbooty]",
  "intent": "Suggestion",
  "sentiment": "Neutral",
  "emotion": "Excited",
  "image": "No image",
  "review": "Yes",
  "company": "tommyhilfiger",
  "Date": "2020-09-15"
},{
  "_id": {
    "$oid": "5f69e76cde6f8664fe8fdf62"
  },
  "tweet": "early meetups? lets get into sumn Smirking face #fatty #ass #titties #meetup #cheap #content #LGBTQts #TommyHilfiger #latina",
  "bad words": "[ass, titties]",
  "intent": "Suggestion",
  "sentiment": "Positive",
  "emotion": "Excited",
  "image": "No image",
  "review": "Yes",
  "company": "tommyhilfiger",
  "Date": "2020-09-15"
},{
  "_id": {
    "$oid": "5f69e871de6f8664fe8fdf6d"
  },
  "tweet": "“Tommy in the fucking Tommy Hilfiger, 'figer, 'figer That Tommy hit a nigga, Tommy Hilfiger, fuck (a plural that rhymes with BIGGER)” - Juice Wrld 2019",
  "bad words": "[fuck, fucking, nigga]",
  "intent": "Spam",
  "sentiment": "Neutral",
  "emotion": "Angry",
  "image": "No image",
  "review": "Yes",
  "company": "tommyhilfiger",
  "Date": "2020-09-15"
},{
  "_id": {
    "$oid": "5f69e871de6f8664fe8fdf6e"
  },
  "tweet": "EXACTLYYYYY take down this capitalist ass system that made for the only purpose of keeping a community of ppl down. Fuck these million dollar corporations. And fuck anyone who is against destroying the hidden agenda against my ppl",
  "bad words": "[ass, fuck]",
  "intent": "Complaint",
  "sentiment": "Negative",
  "emotion": "Angry",
  "image": "No image",
  "review": "Yes",
  "company": "tommyhilfiger",
  "Date": "2020-09-16"
},{
  "_id": {
    "$oid": "5f69e871de6f8664fe8fdf6f"
  },
  "tweet": "Wow damn Hott ass<3 fuck sexy guys, love a horny sinful Sunday, gagging 4 your yummy spunky briefs dirty lads!!!",
  "bad words": "[ass, fuck, sexy, horny]",
  "intent": "Appreciation",
  "sentiment": "Negative",
  "emotion": "Excited",
  "image": "No image",
  "review": "Yes",
  "company": "tommyhilfiger",
  "Date": "2020-09-16"
},{
  "_id": {
    "$oid": "5f69ec8d2825d679df65303e"
  },
  "tweet": "Damn!!! my ass<3 is game and up for your Hott hung polish bar with your yummy hard steel briefs on my ass and lips!!! xXXx",
  "bad words": "[ass]",
  "intent": "Spam",
  "sentiment": "Negative",
  "emotion": "Excited",
  "image": "No image",
  "review": "Yes",
  "company": "ck",
  "Date": "2020-09-16"
},{
  "_id": {
    "$oid": "5f69ec8e2825d679df65303f"
  },
  "tweet": "Is it hust me or does it absolutely suck wearing jeans that are loose i want jeans that fit on my ass not jeans that fall to the floor like wtf how could you do that @CalvinKlein  my jeans are fucking loose and belts are for people who use straws instead of drinking milk from the",
  "bad words": "[ass, fucking, suck, wtf]",
  "intent": "Complaint",
  "sentiment": "Negative",
  "emotion": "Angry",
  "image": "No image",
  "review": "Yes",
  "company": "ck",
  "Date": "2020-09-16"
},{
  "_id": {
    "$oid": "5f69ec8e2825d679df653040"
  },
  "tweet": "Man Fuck @CalvinKlein Were not Falling for your gay agenda and Calvin Klein is Racist!!!!",
  "bad words": "[fuck, gay]",
  "intent": "Complaint",
  "sentiment": "Negative",
  "emotion": "Angry",
  "image": "No image",
  "review": "Yes",
  "company": "ck",
  "Date": "2020-09-16"
},{
  "_id": {
    "$oid": "5f69ec8e2825d679df653041"
  },
  "tweet": "Why the fuck does the clothing industry hate short men. Why are these small shirts so fucking long ffs. Shit looks like a dress. fuck all of u",
  "bad words": "[fuck, fucking, shit]",
  "intent": "Query",
  "sentiment": "Negative",
  "emotion": "Angry",
  "image": "No image",
  "review": "Yes",
  "company": "ck",
  "Date": "2020-09-16"
},{
  "_id": {
    "$oid": "5f69ec8e2825d679df653042"
  },
  "tweet": "Wow!!! damn cum fucking destroy our holes, cum fuck my slutty boy pussy, gagging for your cock, spunk,and briefs!!!",
  "bad words": "[cock, cum, fuck, fucking, pussy, spunk, slutty]",
  "intent": "Complaint",
  "sentiment": "Negative",
  "emotion": "Excited",
  "image": "No image",
  "review": "Yes",
  "company": "ck",
  "Date": "2020-09-17"
},{
  "_id": {
    "$oid": "5f69edf12825d679df65304d"
  },
  "tweet": "Why Calvin Klein ignores solving my problem This is how you deal with your customer",
  "bad words": "[No Bad Words]",
  "intent": "Query",
  "sentiment": "Negative",
  "emotion": "Angry",
  "image": "No image",
  "review": "No",
  "company": "ck",
  "Date": "2020-09-17"
},{
  "_id": {
    "$oid": "5f69edf12825d679df65304e"
  },
  "tweet": "Used to love your stuff , I seek it out .. spent thousands and thousands over the years .. but after seeing that you use obese trans models to look woke and get approval .. you lost my interest and money .. woke will only hurt your company . Period",
  "bad words": "[No Bad Words]",
  "intent": "Suggestion",
  "sentiment": "Neutral",
  "emotion": "Fear",
  "image": "No image",
  "review": "No",
  "company": "ck",
  "Date": "2020-09-17"
},{
  "_id": {
    "$oid": "5f69edf12825d679df65304f"
  },
  "tweet": "Wow!!! looking damn sexy horny and Hott, love to cum and suck on your hole sexy, Hott package and whites tight CK’s xXx",
  "bad words": "[cum, sexy, suck, xxx, horny]",
  "intent": "Appreciation",
  "sentiment": "Positive",
  "emotion": "Excited",
  "image": "No image",
  "review": "Yes",
  "company": "ck",
  "Date": "2020-09-17"
},{
  "_id": {
    "$oid": "5f69edf12825d679df653050"
  },
  "tweet": "wow fuck you @CalvinKlein  discontinue my favorite aerospace grade nut holder underwear you bastard men that shit was tight man that was the highlight of laundry day gettin to wear these fucks pour one out for model NB1355 smh #respectthepouch #neverforgetNB1355",
  "bad words": "[bastard, fuck, shit]",
  "intent": "Spam",
  "sentiment": "Negative",
  "emotion": "Angry",
  "image": "No image",
  "review": "Yes",
  "company": "ck",
  "Date": "2020-09-17"
},{
  "_id": {
    "$oid": "5f7ae4344403667811b95467"
  },
  "tweet": "Andrew, I am sure it is just your not being aware, but you are currently funding hate by having your ads appear on Foxnews around racist fueled content like this disgusting chart.\n\nYou can  shut that off and would appreciate that and letting \n@googleads\n know you did.\n\nthanks",
  "bad words": "[No Bad Words]",
  "intent": "Complaint",
  "sentiment": "Negative",
  "emotion": "Angry",
  "image": "No image",
  "review": "No",
  "company": "autodesk",
  "Date": "2020-09-17"
},{
  "_id": {
    "$oid": "5f7ae4344403667811b95468"
  },
  "tweet": "The coal industry continues to destroy communities, churches and villages in Germany.\n\nThe destruction is supported by @autodesk, @BNPParibas and @DeutscheBank.",
  "bad words": "[No Bad Words]",
  "intent": "News",
  "sentiment": "Positive",
  "emotion": "Excited",
  "image": "No image",
  "review": "No",
  "company": "autodesk",
  "Date": "2020-09-17"
},{
  "_id": {
    "$oid": "5f7ae4344403667811b95469"
  },
  "tweet": "Go fuck yourself Autodesk.  If you want to hire foreigners, start your business in foreign lands.  If you want to have a company in the US, hire Americans.  You have declared economic war on American workers.  So go fuck yourself.\n\n#h1b\n#h1bvisa\n#immigration\n#americafirst",
  "bad words": "[fuck]",
  "intent": "Suggestion",
  "sentiment": "Negative",
  "emotion": "Angry",
  "image": "No image",
  "review": "Yes",
  "company": "autodesk",
  "Date": "2020-09-17"
},{
  "_id": {
    "$oid": "5f7ae4344403667811b9546a"
  },
  "tweet": "Thank God there's alternatives to the cash grabbing \n@Autodesk\n products. As a former long-time user, I felt like a robbery victim when I discovered the software I'd purchased would be de-activiated if I didn't submit to Autodesk's annual extortion racket.",
  "bad words": "[No Bad Words]",
  "intent": "Appreciation",
  "sentiment": "Negative",
  "emotion": "Fear",
  "image": "No image",
  "review": "No",
  "company": "autodesk",
  "Date": "2020-09-17"
},{
  "_id": {
    "$oid": "5f7ae4344403667811b9546b"
  },
  "tweet": "@autodesk How many black people do you employee?  If you are going to talk about it let's talk about it!",
  "bad words": "[No Bad Words]",
  "intent": "Suggestion",
  "sentiment": "Neutral",
  "emotion": "Happy",
  "image": "No image",
  "review": "No",
  "company": "autodesk",
  "Date": "2020-09-25"
},{
  "_id": {
    "$oid": "5f7ae69b4403667811b95477"
  },
  "tweet": "Consistent error messages are appearing on this related web page.",
  "bad words": "[No Bad Words]",
  "intent": "Complaint",
  "sentiment": "Negative",
  "emotion": "Angry",
  "image": "No image",
  "review": "No",
  "company": "autodesk",
  "Date": "2020-09-25"
},{
  "_id": {
    "$oid": "5f7ae69b4403667811b95478"
  },
  "tweet": "Please don't remain silent 🙏\n\n#autodeskEDU",
  "bad words": "[No Bad Words]",
  "intent": "Query",
  "sentiment": "Negative",
  "emotion": "Sad",
  "image": "No image",
  "review": "No",
  "company": "autodesk",
  "Date": "2020-09-25"
},{
  "_id": {
    "$oid": "5f7ae69b4403667811b95479"
  },
  "tweet": "I have sent you all the required documents yesterday to sign in in the educational license to get 3DS Max and no one responded! I have an assignment and I must submit it ASAP! And I’ve sent an email to the customer service and also there is no respond! \n@autodesk\n help please.",
  "bad words": "[No Bad Words]",
  "intent": "Query",
  "sentiment": "Negative",
  "emotion": "Angry",
  "image": "No image",
  "review": "No",
  "company": "autodesk",
  "Date": "2020-09-25"
},{
  "_id": {
    "$oid": "5f7ae69b4403667811b9547a"
  },
  "tweet": "Ngntd what happened into Cad 2018, the rectang isnt working. So bad. And they ask me to klik F1 and ya is went into Cadwebsite and ask me to use new featuring",
  "bad words": "[No Bad Words]",
  "intent": "Query",
  "sentiment": "Negative",
  "emotion": "Angry",
  "image": "No image",
  "review": "No",
  "company": "autodesk",
  "Date": "2020-09-25"
},{
  "_id": {
    "$oid": "5f7ae69b4403667811b9547b"
  },
  "tweet": "Hi Chet, thanks for pointing this out !\n\nSadly it's unlikely you'll get any answer from Andrew, Autodesk doesn't respect ethics or values.\n\nAutodesk supports coal mining, indirectly killing 1800/year from air pollution. They won't even respond.",
  "bad words": "[No Bad Words]",
  "intent": "Complaint",
  "sentiment": "Negative",
  "emotion": "Sad",
  "image": "No image",
  "review": "No",
  "company": "autodesk",
  "Date": "2020-09-25"
},{
  "_id": {
    "$oid": "5f7aed294403667811b95487"
  },
  "tweet": "Can I PLEASE get some help verifying that I’m a student. I need the software for my class",
  "bad words": "[No Bad Words]",
  "intent": "Query",
  "sentiment": "Neutral",
  "emotion": "Sad",
  "image": "No image",
  "review": "No",
  "company": "autodesk",
  "Date": "2020-09-25"
},{
  "_id": {
    "$oid": "5f7aed294403667811b95488"
  },
  "tweet": "This service is not working, students and staff at my university are having difficulties confirming eligibility and not receiving support or information from Autodesk.",
  "bad words": "[No Bad Words]",
  "intent": "Query",
  "sentiment": "Negative",
  "emotion": "Angry",
  "image": "No image",
  "review": "No",
  "company": "autodesk",
  "Date": "2020-09-25"
}]