[{
  "_id": {
    "$oid": "5f72c7c88d5789383c5786f1"
  },
  "Name": "German Fuentes",
  "Comment": "Wtf :S comercial rancio",
  "bad words": "[wtf]",
  "intent": "Spam",
  "sentiment": "Neutral",
  "emotion": "Angry",
  "review": "Yes",
  "type": "[Inappropriate]",
  "company": "ck",
  "Date": "2020-09-28"
},{
  "_id": {
    "$oid": "5f72c7c88d5789383c5786f3"
  },
  "Name": "Vito Danelli",
  "Comment": "Looks like my wallet is voting against Calvin Klein. There was absolutely no reason to use this Jari Jones person. Does CK really think people find this appealing? Another marketing blunder like the New Coke.",
  "bad words": "[No Bad Words]",
  "intent": "Query",
  "sentiment": "Negative",
  "emotion": "Angry",
  "review": "No",
  "type": "[Appropriate]",
  "company": "ck",
  "Date": "2020-09-09"
},{
  "_id": {
    "$oid": "5f72ca52620da6038483b909"
  },
  "Name": "Lonny McQueen",
  "Comment": "The world it's coming a shit",
  "bad words": "[shit]",
  "intent": "Complaint",
  "sentiment": "Negative",
  "emotion": "Angry",
  "review": "Yes",
  "type": "[Inappropriate]",
  "company": "ck",
  "Date": "2020-09-02"
},{
  "_id": {
    "$oid": "5f72caad620da6038483b90a"
  },
  "Name": "Mannuelly",
  "Comment": "The comments really seem so homophobic and transphobic,,,,, wtf is wrong to y?all guys we?re in 2020 now !!!!",
  "bad words": "[wtf]",
  "intent": "Complaint",
  "sentiment": "Negative",
  "emotion": "Angry",
  "review": "Yes",
  "type": "[Inappropriate]",
  "company": "ck",
  "Date": "2020-09-15"
},{
  "_id": {
    "$oid": "5f72cae9620da6038483b90b"
  },
  "Name": "Kevin Rong",
  "Comment": "I, and all my friends, won't buy CK again. It is disgusting.",
  "bad words": "[No Bad Words]",
  "intent": "Complaint",
  "sentiment": "Negative",
  "emotion": "Fear",
  "review": "No",
  "type": "[Appropriate]",
  "company": "ck",
  "Date": "2020-09-02"
},{
  "_id": {
    "$oid": "5f72cc2f620da6038483b90c"
  },
  "Name": "Bollox Off",
  "Comment": "If i wear ck will i look this ugly?",
  "bad words": "[No Bad Words]",
  "intent": "Query",
  "sentiment": "Negative",
  "emotion": "Fear",
  "review": "No",
  "type": "[Appropriate]",
  "company": "ck",
  "Date": "2020-09-03"
},{
  "_id": {
    "$oid": "5f72cc77620da6038483b90d"
  },
  "Name": "N",
  "Comment": "The shear amount of thumbs down says a lot for these plastic fake garbage",
  "bad words": "[No Bad Words]",
  "intent": "Complaint",
  "sentiment": "Negative",
  "emotion": "Angry",
  "review": "No",
  "type": "[Appropriate]",
  "company": "ck",
  "Date": "2020-09-03"
}]