[{
  "_id": {
    "$oid": "5fbf0858aabeeb2800500b36"
  },
  "tweet": "He really looks good btw.. can't blame @noon 😁😁😁 https://t.co/ooECadI6Ol"
},{
  "_id": {
    "$oid": "5fbf0858aabeeb2800500b4e"
  },
  "tweet": "RT @ImChrisYoung: Hi friends, on my Facebook page (https://t.co/IXVLIbCXMV) I'm doing my own version of Black Friday. Giving away 46 signed…"
},{
  "_id": {
    "$oid": "5fbf0858aabeeb2800500b0e"
  },
  "tweet": "@noon غريبه حطيتو رسوم توصيل لاقل من 200 نصابين ياخي"
},{
  "_id": {
    "$oid": "5fbf45faaabeeb2800500c62"
  },
  "tweet": "السلام عليكم ورحمة الله وبركاته.\n\nهل ضمان Xbox Series X  من @noon هو ضمان @Xbox_Saudi ؟ \n\n@noon_cares"
}]