[{
  "_id": {
    "$oid": "5fbf0858aabeeb2800500b20"
  },
  "tweet": "@noon @CentroCorniche لستم صادقين!\nحذار.. نون لم تعد نون التي خبرنا، فأصبحت تتلاعب بحقوق العملاء ولا تكترث لمصادر او اسباب انزعاجهم. ببساطة انت تهدر حقوقك إن ارتضيت الشراء من نون (خصوصاً الأجهزة المنزلية والإلكترونيات والكهربائية)  \nوفي الحقيقة غالب السلع !\n\nوبالنهاية وبكل بساطة.. لا تهدر حقك بنفسك!!!"
},{
  "_id": {
    "$oid": "5fbf0858aabeeb2800500b31"
  },
  "tweet": "@li3r_v @noon ✨✨سيفورا | NEW40 ✨✨\n\n✨✨نعومي | SAVE44 ✨✨\n\n✨✨أميريكان إيجل |C277 ✨✨\n\n✨✨ذا بودي شوب |TBS240 ✨✨\n\n✨✨باث اند بودي |SUN004✨✨\n\n✨✨ممذورلد | MU80✨✨"
},{
  "_id": {
    "$oid": "5fbf0858aabeeb2800500b4a"
  },
  "tweet": "@noon @AlRajhiBank دفعت ببطاقه الراجحي وما انخصم ولا شي ليه عدم المصداقيه هذا ؟!"
},{
  "_id": {
    "$oid": "5fbf45faaabeeb2800500c64"
  },
  "tweet": "Trying to absorb the fact that @noon delivered the coupons I won by buying a laptop but.. not the actual laptop... 😅"
}]