[{
  "_id": {
    "$oid": "5fbf0858aabeeb2800500af6"
  },
  "tweet": "@noon ألغيت طلبي وحذفت التطبيق بعد اختيار معلن سيء هارب من الوطن وأساء للشعب السعودي .. الوطن فوق كل اعتبار  🇸🇦"
},{
  "_id": {
    "$oid": "5fbf0858aabeeb2800500af8"
  },
  "tweet": "@fahad_alwadaan @sale_coupon @WafrNoon @ksadealz @yellow_offers @Free_couopons @coupnzgcc @free_gcc @noon كفوك الطيب امين وياك حبيبنا ابو رياض 💙"
},{
  "_id": {
    "$oid": "5fbf0858aabeeb2800500afa"
  },
  "tweet": "RT @talal_ghamdi_: كن شريكاً في نجاحي وطلب بالكود الخاص بي 💛 نونها \n@sale_coupon \n@WafrNoon \n@ksadealz \n@yellow_offers \n@Free_couopons \n@co…"
},{
  "_id": {
    "$oid": "5fbf0858aabeeb2800500afd"
  },
  "tweet": "RT @talal_ghamdi_: كن شريكاً في نجاحي وطلب بالكود الخاص بي 💛 نونها \n@sale_coupon \n@WafrNoon \n@ksadealz \n@yellow_offers \n@Free_couopons \n@co…"
},{
  "_id": {
    "$oid": "5fbf0858aabeeb2800500afe"
  },
  "tweet": "@tarig02 @sale_coupon @WafrNoon @ksadealz @yellow_offers @Free_couopons @coupnzgcc @free_gcc @noon تستاهل الطيب يا تاج راسي 💙"
},{
  "_id": {
    "$oid": "5fbf0858aabeeb2800500b04"
  },
  "tweet": "@sesollse @noon انا مقاطعه لهم عبيت العربه للاسف وكنسلت اروح لعلي اكس برس او امزون  ماكنت اتوقع بينزلون لهذا المستوى وحده مكروهه من الشعب السعودي والشعوب العربيه بسبب  نشرها الفسادوالتحريض على الخروج عن تعاليم الدين وقذف كل رجل وامرأه سعودي وسعوديه واشتري منهم لا والله مايصير غيرة على ديني ووطني"
},{
  "_id": {
    "$oid": "5fbf0858aabeeb2800500b05"
  },
  "tweet": "@talal_ghamdi_ @sale_coupon @WafrNoon @ksadealz @yellow_offers @Free_couopons @coupnzgcc @free_gcc @noon تستاهل كل خير"
},{
  "_id": {
    "$oid": "5fbf0858aabeeb2800500b06"
  },
  "tweet": "RT @talal_ghamdi_: كن شريكاً في نجاحي وطلب بالكود الخاص بي 💛 نونها \n@sale_coupon \n@WafrNoon \n@ksadealz \n@yellow_offers \n@Free_couopons \n@co…"
},{
  "_id": {
    "$oid": "5fbf0858aabeeb2800500b07"
  },
  "tweet": "@noon كنت انوي ان  اطلب منكم ولكن بعد اعلانكم عند العارضه لجسدها قبل ان تعرض بضاعتكم المتضامنه مع قوم لوط المشككه في الدين وتعاليمه  المحلله لماحرم الله من خمر وزنا وغيره تأكدت انكم لا تهتمون الا بالربح ولا يهمكم العميل  لذالك لن اطلب منكم وسوف احرض من حولي على ذالك"
},{
  "_id": {
    "$oid": "5fbf0858aabeeb2800500b08"
  },
  "tweet": "@noon شركه اكذب منهم ماشفت وعندي ادله على نصبهم وكذبهم وجاري الرفع للجهات المختصه"
},{
  "_id": {
    "$oid": "5fbf0858aabeeb2800500b11"
  },
  "tweet": "@IbrahimHadadi3 @noon جميع اكواد الخصم تجدها في هذا التطبيق ومن ضمنهم نون🌸💖 https://t.co/eiclV6yLin"
},{
  "_id": {
    "$oid": "5fbf0858aabeeb2800500b16"
  },
  "tweet": "@noon كيف طريقة استخدام كود الدبل والاستفادة منه https://t.co/ZEsZHbFIGr"
},{
  "_id": {
    "$oid": "5fbf0858aabeeb2800500b18"
  },
  "tweet": "@noon هههههههههههههههه خمس هلله الخصم ووصلتو السماء 😂 https://t.co/5TFS3KHOPZ"
},{
  "_id": {
    "$oid": "5fbf0858aabeeb2800500b1c"
  },
  "tweet": "@as_range @noon @CentroCorniche هذا صحيح، فتجاوزات نون اصبح لا يمكن فعلاً السكوت عنها !"
},{
  "_id": {
    "$oid": "5fbf0858aabeeb2800500b1d"
  },
  "tweet": "@G______04 @noon نفس المكنسه الذكيه حاطين سعرها قبل العرض ٢٣٩٩ وبعد ٨٤٨ الي هو اساسا مقارب لسعرها بدون عروض !! استغفال وعروض وهميه 👎🏻"
},{
  "_id": {
    "$oid": "5fbf0858aabeeb2800500b20"
  },
  "tweet": "@noon @CentroCorniche لستم صادقين!\nحذار.. نون لم تعد نون التي خبرنا، فأصبحت تتلاعب بحقوق العملاء ولا تكترث لمصادر او اسباب انزعاجهم. ببساطة انت تهدر حقوقك إن ارتضيت الشراء من نون (خصوصاً الأجهزة المنزلية والإلكترونيات والكهربائية)  \nوفي الحقيقة غالب السلع !\n\nوبالنهاية وبكل بساطة.. لا تهدر حقك بنفسك!!!"
},{
  "_id": {
    "$oid": "5fbf0858aabeeb2800500b21"
  },
  "tweet": "@noon متى يظهر خصم الراجحي\nاشتريت وتم الشراء بفيزا الراجحي ولم يتم خصم ١٥٪"
},{
  "_id": {
    "$oid": "5fbf0858aabeeb2800500b22"
  },
  "tweet": "@noon مالفائدة!!!\nوانتم في نون لم تعودوا نون التي خبرنا، أصبحتم تتلاعبون بحقوق العملاء ولا تكترثون لمصادر واسباب انزعاجهم ببساطة يهدر حقه من يرتضي الشراء من نون (خصوصاً الأجهزة المنزلية والإلكترونيات والكهربائية)  \nوفي الحقيقة غالب السلع !\n\nوبالنهاية وبكل بساطة.. لا تهدر حقك بنفسك!!!"
},{
  "_id": {
    "$oid": "5fbf0858aabeeb2800500b23"
  },
  "tweet": "@noon @noon_cares \nالسلام عليكم\nطلبت امس طلبيه وبتوصل بكره واخترت الدفع عند الاستلام لكن ما انتبهت انه ما خصم من رصيد نون الي في حسابي الا الحين مع اني اشرت عليه في صفحة الدفع،\nهل فيه طريقه عشان لا اطلب طلب ثاني وانتظر ايام ثانيه؟!!!!!"
},{
  "_id": {
    "$oid": "5fbf0858aabeeb2800500b24"
  },
  "tweet": "@Abdurah18875189 @noon توني دافعه عن طريق فيزا الراجحي اكثر من 5 الاف ريال وماجاني خصم !! تلاعب ؟؟"
},{
  "_id": {
    "$oid": "5fbf0858aabeeb2800500b25"
  },
  "tweet": "@noon حذار.. نون لم تعد نون التي خبرنا، فأصبحت تتلاعب بحقوق العملاء ولا تكترث لمصادر او اسباب انزعاجهم. ببساطة انت تهدر حقوقك إن ارتضيت الشراء من نون (خصوصاً الأجهزة المنزلية والإلكترونيات والكهربائية)  \nوفي الحقيقة غالب السلع !\n\nوبالنهاية وبكل بساطة.. لا تهدر حقك بنفسك!!!"
},{
  "_id": {
    "$oid": "5fbf0858aabeeb2800500b26"
  },
  "tweet": "@Abdurah18875189 @noon حذار.. نون لم تعد نون التي خبرنا، فأصبحت تتلاعب بحقوق العملاء ولا تكترث لمصادر او اسباب انزعاجهم. ببساطة انت تهدر حقوقك إن ارتضيت الشراء من نون (خصوصاً الأجهزة المنزلية والإلكترونيات والكهربائية) وفي الخقيقة غالب السلع !"
},{
  "_id": {
    "$oid": "5fbf0858aabeeb2800500b27"
  },
  "tweet": "@noon فوق النصب في التخفيضات جايبين عجوز الغفله هند تعلن لكم اشبعوا فيها مقاطعينكم احنا"
},{
  "_id": {
    "$oid": "5fbf0858aabeeb2800500b2f"
  },
  "tweet": "RT @noon: كيف تحافظ على طلبيتك؟\n\n#هلا_نون\n#عروض_الجمعة_الصفراء https://t.co/bKgfS07bY9"
},{
  "_id": {
    "$oid": "5fbf0858aabeeb2800500b31"
  },
  "tweet": "@li3r_v @noon ✨✨سيفورا | NEW40 ✨✨\n\n✨✨نعومي | SAVE44 ✨✨\n\n✨✨أميريكان إيجل |C277 ✨✨\n\n✨✨ذا بودي شوب |TBS240 ✨✨\n\n✨✨باث اند بودي |SUN004✨✨\n\n✨✨ممذورلد | MU80✨✨"
},{
  "_id": {
    "$oid": "5fbf0858aabeeb2800500b37"
  },
  "tweet": "@li3r_v @noon كود خصم نون تجده في هذا التطبيق وحتلاقي كل الخصومات لأغلب المواقع والتطبيقات 🌸🌷 https://t.co/mIO7F1HsK0"
},{
  "_id": {
    "$oid": "5fbf0858aabeeb2800500b39"
  },
  "tweet": "@noon حاطين هديه اشتراك شهر مجانا في orn ويوم ادخل الفيزه واسوي تسجيل تجي رسالة سحب من الفيزا وش هالنصب"
},{
  "_id": {
    "$oid": "5fbf0858aabeeb2800500b3c"
  },
  "tweet": "@noon  ابستفسر عن خصم فيزا مصرف الراجحي يشمل ع المنتجات الموجود ع نون ولا فقط منتجات ايست من نون فقط !؟ https://t.co/asGgz3X6nV"
},{
  "_id": {
    "$oid": "5fbf0858aabeeb2800500b3e"
  },
  "tweet": "@roooh11455294 @noon 🌟سيفورا | NEW17\n\n🌟ذا بودي شوب |TBS240\n\n🌟نعومي | SAVE62\n\n🌟اميركان ايجل | LOOK388\n\n🌟ممزورلد|MU784"
},{
  "_id": {
    "$oid": "5fbf0858aabeeb2800500b3f"
  },
  "tweet": "@noon طلبيتي لم تصل ورفعت شكوى ولكن لا جدوى واليوم اشوف التتبع بترجع الرياض ارجو حل هالمهزلة!!!!"
},{
  "_id": {
    "$oid": "5fbf0858aabeeb2800500b40"
  },
  "tweet": "@noon لقيت عرض على جوال وحطيته بسلة ومالحقت على الدفع والا طار المنتج 😂"
},{
  "_id": {
    "$oid": "5fbf0858aabeeb2800500b42"
  },
  "tweet": "@noon انا طلبت تلفزيون على اساس انو ذكي و لمى وصل طلع عادي واكلمهم علشان يرجعونه وللحين ما رجعوه"
},{
  "_id": {
    "$oid": "5fbf0858aabeeb2800500b44"
  },
  "tweet": "@noon \nيجيني المندوب ثلاث مرات كل مره منتج واحد فقط ، وباقي ماوصلت الطلبيه كامله ..\nتحللون راتب المندوب مثلاً 🙂 💔 !"
},{
  "_id": {
    "$oid": "5fbf0858aabeeb2800500b48"
  },
  "tweet": "@bayan0_07 @Omar_M_Dari @noon @AlRajhiBank مكتوب الي  يوم ٢٩نوفمبر واليوم ٢٥ولا خصموا شي كيف !"
},{
  "_id": {
    "$oid": "5fbf0858aabeeb2800500b4a"
  },
  "tweet": "@noon @AlRajhiBank دفعت ببطاقه الراجحي وما انخصم ولا شي ليه عدم المصداقيه هذا ؟!"
},{
  "_id": {
    "$oid": "5fbf0858aabeeb2800500b4c"
  },
  "tweet": "@noonالسلام عليكم ورحمة الله وبركاته مساء الخير الموقع يرفض استخدام الكوبن اتمنى التواصل https://t.co/JLJqoytFPg"
},{
  "_id": {
    "$oid": "5fbf0858aabeeb2800500b4f"
  },
  "tweet": "@noon السلام عليكم ورحمة الله وبركاته مساء الخير ارغب في الاستفادة من الكوبن لا يرفض الكوبن اتمنى التواصل."
},{
  "_id": {
    "$oid": "5fbf0858aabeeb2800500b50"
  },
  "tweet": "@noon مساءالخير ،، بطايق ال osn ماتشتغل !!!؟؟ تحمسنا ع الفاضي الاشتراك له يومين ولافتح معاي !!؟؟"
},{
  "_id": {
    "$oid": "5fbf0858aabeeb2800500b52"
  },
  "tweet": "@AlRajhiBank @noon السلام انا عندي بطاقات ائتمانيه ابي اوقفها نهائي الغيها شلون ارجوا الرد"
},{
  "_id": {
    "$oid": "5fbf0858aabeeb2800500b53"
  },
  "tweet": "RT @BQ4REMY6hSVWepp: @noon كيف موقع وتبيعون عطر مغشوش وتجاري وتلاعبون بماركات العطور وتبيعون الناس عطور مغشوشه وفي العرض في موقعكم منزلين ص…"
},{
  "_id": {
    "$oid": "5fbf0858aabeeb2800500b54"
  },
  "tweet": "RT @BQ4REMY6hSVWepp: @noon موقع كذاب ونصاب طلبت عطر ماركة ميركل ووصل العطر الان طلع مغشوش وليس اصلي واحذر من التعامل مع موقع نون"
},{
  "_id": {
    "$oid": "5fbf0858aabeeb2800500b56"
  },
  "tweet": "@noon كيف موقع وتبيعون عطر مغشوش وتجاري وتلاعبون بماركات العطور وتبيعون الناس عطور مغشوشه وفي العرض في موقعكم منزلين صورة العطر الاصلي من برا للعلبه ومن داخل ولما يوصل الطلب يكون مخالف تماماً للي بالعرض في كل شي وجايبين للزبون عطرور مغشوشه"
},{
  "_id": {
    "$oid": "5fbf0858aabeeb2800500b57"
  },
  "tweet": "@noon موقع كذاب ونصاب طلبت عطر ماركة ميركل ووصل العطر الان طلع مغشوش وليس اصلي واحذر من التعامل مع موقع نون"
},{
  "_id": {
    "$oid": "5fbf0858aabeeb2800500af5"
  },
  "tweet": "@Al_M_1 @noon اهلا ،،\n\nتفضلي من موقعٌ ممزورلد خصوماات \nتصل الى٩٠٪+خصم 👈🏻MU77👉🏻\n\nلحقو الان واستمتعو باقوى العروض\nوتسسوق ممتـــــع للجميـــــع 🛒،،"
},{
  "_id": {
    "$oid": "5fbf0858aabeeb2800500af7"
  },
  "tweet": "@Salma_Alyafeiy @noon اعلن مقاطعتي ل نون لأنها لم تختر الشخص المناسب للأعلان اختارت هاربه من الوطن داعمه للشواذ وهذا سبب تخلينا عن بضائعكم للأبد ان لم تسحبوا الاعلان منها"
},{
  "_id": {
    "$oid": "5fbf0858aabeeb2800500af9"
  },
  "tweet": "@noon رد على الخاص لو سمحت ضروري"
},{
  "_id": {
    "$oid": "5fbf0858aabeeb2800500afb"
  },
  "tweet": "@noon ابي افتح شكوى ويرجع لي حقي"
},{
  "_id": {
    "$oid": "5fbf0858aabeeb2800500afc"
  },
  "tweet": "@noon نون طلبت منكم جهاز قبل فترت طويله ووصلني وبعد فتره خرب ورديته لكم واعطيتوني جهاز جديد واكتشفت انه ارخص سعراً ومواصفاتاً من جهازي الاول اللي دفعته !!!؟"
},{
  "_id": {
    "$oid": "5fbf0858aabeeb2800500aff"
  },
  "tweet": "@noon ممكن تردون خاص على استفساري"
},{
  "_id": {
    "$oid": "5fbf0858aabeeb2800500b00"
  },
  "tweet": "@noon اريد الغاء طلبيتي رقم الشحنه :NSACB0098664592-S1"
},{
  "_id": {
    "$oid": "5fbf0858aabeeb2800500b01"
  },
  "tweet": "@eh_abdallah @noon وطلبيتي توصلني اقساط 🙂\n\nكيف اجمعها ؟؟"
},{
  "_id": {
    "$oid": "5fbf0858aabeeb2800500b02"
  },
  "tweet": "@noon هاذي الطاوله لي شهر ضايفتها انتظر يصير عليها تخفيض سعرها كان ٥٩ والحين كذابين مسوين عليها تخفيض وهو هذا سعرها ( وش هالنصب ) ياخسارة انتظاري كانت بخاطري https://t.co/GKVXqkGmTQ"
},{
  "_id": {
    "$oid": "5fbf0858aabeeb2800500b03"
  },
  "tweet": "#نون\n@noon\nعروض وهميه وكذب ونصب على المستهلك الى متى\nمتجر تطبيقات نون\nالرجاء محاسبتهم\n@kamnapp\n@f_alabdulkarim\n@MCgovSA https://t.co/hsLajXDdYy"
},{
  "_id": {
    "$oid": "5fbf0858aabeeb2800500b09"
  },
  "tweet": "@noon كذابين بالله هذا منتج يوصل كذا!"
},{
  "_id": {
    "$oid": "5fbf0858aabeeb2800500b0a"
  },
  "tweet": "@noon الله ياخذهم ياحراميه https://t.co/taE22T5pzW"
},{
  "_id": {
    "$oid": "5fbf0858aabeeb2800500b0b"
  },
  "tweet": "كن شريكاً في نجاحي وطلب بالكود الخاص بي 💛 نونها \n@sale_coupon \n@WafrNoon \n@ksadealz \n@yellow_offers \n@Free_couopons \n@coupnzgcc \n@free_gcc \n@noon https://t.co/tu3eb0nbRf"
},{
  "_id": {
    "$oid": "5fbf0858aabeeb2800500b0d"
  },
  "tweet": "@Ialya88 @noon اختي ايش صار معك ؟"
},{
  "_id": {
    "$oid": "5fbf0858aabeeb2800500b0f"
  },
  "tweet": "@noon ارجو الرد"
},{
  "_id": {
    "$oid": "5fbf0858aabeeb2800500b10"
  },
  "tweet": "@noon معي طلب ابي الغيه\nكيف؟"
},{
  "_id": {
    "$oid": "5fbf0858aabeeb2800500b12"
  },
  "tweet": "@noon اعزائي نون !!!! تم سحب المبلغ من حسابي بواسطة apple pay ولكن موقعكم علق ولم يتم الطلب !! والمبلغ حبايبي وين راح !! https://t.co/Cb7AWbMSyf"
},{
  "_id": {
    "$oid": "5fbf0858aabeeb2800500b13"
  },
  "tweet": "@noon ليه تكذبون جيت لاشتري منكم فيش ايفون الجديد لقيته ب ٩٥ انتظرت الين عروضكم تجي ويوم بدأت العروض سبحاااان اللله صار سعره ١٢٩ وسويتو له تخفيض ع اساس ان سعره ١٢٩ وهو بالحقيقة كان ٩٥!!!!!!!!!!!!!!!!"
},{
  "_id": {
    "$oid": "5fbf0858aabeeb2800500b14"
  },
  "tweet": "@noon ا،، ،'^^''"
},{
  "_id": {
    "$oid": "5fbf0858aabeeb2800500b15"
  },
  "tweet": "@noon انا ابي ارجع طلب وسويت طلب ارجاع متى يتواصل معي المندوب ؟؟ وكمان انا دفعت كاش متى تضيفون المبلغ في المحفظه ؟ حابه استفيد من العروض ياليت تردون😊"
},{
  "_id": {
    "$oid": "5fbf0858aabeeb2800500b17"
  },
  "tweet": "@Knazalotaibi @noon كلهم مثل بعض لاكن امزون اذا كانك تبية"
},{
  "_id": {
    "$oid": "5fbf0858aabeeb2800500b19"
  },
  "tweet": "@AlRajhiBank @noon مسدد بفيزا الراجحي وما جاني خصم"
},{
  "_id": {
    "$oid": "5fbf0858aabeeb2800500b1a"
  },
  "tweet": "@as_range @noon هذا مؤكد وصحيح تماماً"
},{
  "_id": {
    "$oid": "5fbf0858aabeeb2800500b1b"
  },
  "tweet": "@noon هل يلزم شبكها على فيش كهربائي \n\nعند الاستخدام او تكون لاسلكيه اركبها يعني وبس بدون اشبكها على فيش افيدوني 😞 https://t.co/rhoXQVv6Kx"
},{
  "_id": {
    "$oid": "5fbf0858aabeeb2800500b1e"
  },
  "tweet": "@noon I had placed an order for iPad stylus for 100sr and 12sr shipping and 17sr CASH ON DELIVERY \nTHE PRODUCT WAS COMPLETELY DIFFERENT FROM WHAT I ORDERED AND THE CHEAPEST QUALITY I lost my 17sr due to THERE IS NO REFUND FOR CODMONEY \nThis is not happening the first time"
},{
  "_id": {
    "$oid": "5fbf0858aabeeb2800500b28"
  },
  "tweet": "@noon السلام عليكم ورحمة الله وبركاته\nانا عندي طلبيه وعند وصول المندوب اتضح لي انها فقط ضرف بمبلغ ١٧ ريال وطلبيتي هي مكينه غسيل ومكنسه ب٣٠٦"
},{
  "_id": {
    "$oid": "5fbf0858aabeeb2800500b29"
  },
  "tweet": "@noon احتاج كود خصم"
},{
  "_id": {
    "$oid": "5fbf0858aabeeb2800500b2a"
  },
  "tweet": "@AzDii @noon @noon_cares راسلني خاص وافهمك"
},{
  "_id": {
    "$oid": "5fbf0858aabeeb2800500b2b"
  },
  "tweet": "@noon مرحبا \nللدخول في السحب بإستخدام كود ( الجمعة ) هل يجب ان يصل مجموع السلع التي هي اكسبرس فقط 200 ريال .... ام مجموع كل السلع اكسبرس و ماركت يساوي 200 ؟"
},{
  "_id": {
    "$oid": "5fbf0858aabeeb2800500b2c"
  },
  "tweet": "@YeloDrive @noon #أصفر_على_أصفر\nبالتوفيق يارب"
},{
  "_id": {
    "$oid": "5fbf0858aabeeb2800500b2d"
  },
  "tweet": "@BQ4REMY6hSVWepp @noon كيف عرفت مغشوش؟"
},{
  "_id": {
    "$oid": "5fbf0858aabeeb2800500b2e"
  },
  "tweet": "⁦@noon⁩  لم تذكر في الأعلان https://t.co/cJTnXU7MbH"
},{
  "_id": {
    "$oid": "5fbf0858aabeeb2800500b30"
  },
  "tweet": "@almozasaam @noon ✨✨سيفورا | NEW40 ✨✨\n\n✨✨نعومي | SAVE44 ✨✨\n\n✨✨أميريكان إيجل |C277 ✨✨\n\n✨✨ذا بودي شوب |TBS240 ✨✨\n\n✨✨باث اند بودي |SUN004✨✨\n\n✨✨ممذورلد | MU80✨✨"
},{
  "_id": {
    "$oid": "5fbf0858aabeeb2800500b32"
  },
  "tweet": "@noon الغيت طلب ومارجع لي المبلغ كامل ليه ؟"
},{
  "_id": {
    "$oid": "5fbf0858aabeeb2800500b33"
  },
  "tweet": "Noise until 21 January 2020 @noon https://t.co/cWHVCSLT0I"
},{
  "_id": {
    "$oid": "5fbf0858aabeeb2800500b35"
  },
  "tweet": "@Abomaysam2 @coupnzgcc @noon انا طلبت بطريه وطلعت خربانه 🙁"
},{
  "_id": {
    "$oid": "5fbf0858aabeeb2800500b38"
  },
  "tweet": "I was shopping online and I was surprised to see that they are using xiao zhan as a model of a face mask.. well @noon zhanzhan used fita mask hahaha https://t.co/rXs9P7jnll"
},{
  "_id": {
    "$oid": "5fbf0858aabeeb2800500b3b"
  },
  "tweet": "@noon لي اسبوعين انتظر !!!!! https://t.co/8JYAHPDILp"
},{
  "_id": {
    "$oid": "5fbf0858aabeeb2800500b3d"
  },
  "tweet": "@noon خفة الدم الحلوة 😂💛"
},{
  "_id": {
    "$oid": "5fbf0858aabeeb2800500b41"
  },
  "tweet": "@noon_cares @eh_abdallah اخوي ممكن خاص @noon"
},{
  "_id": {
    "$oid": "5fbf0858aabeeb2800500b43"
  },
  "tweet": "@b1995ama @noon يقولون وصلت السماء العروض وهي مارتفعت متر عن الارض"
},{
  "_id": {
    "$oid": "5fbf0858aabeeb2800500b45"
  },
  "tweet": "@noon_cares @noon https://t.co/ETtns8qxUZ"
},{
  "_id": {
    "$oid": "5fbf0858aabeeb2800500b47"
  },
  "tweet": "@noon @KhalidN68687475 ممكن رد على الخاص"
},{
  "_id": {
    "$oid": "5fbf0858aabeeb2800500b4b"
  },
  "tweet": "@noon السلام عليكم \nطلبت المنتج هذا من اابائع هذا ، وانصدمت مرسل لي لون اخر تماما ؟؟؟!! \nارغب بارجاع فلوسي \nورفع شكوى على البائع https://t.co/7Mm4lkF3Y8"
},{
  "_id": {
    "$oid": "5fbf0858aabeeb2800500b4d"
  },
  "tweet": "@noon https://t.co/oc8lEAgruI"
},{
  "_id": {
    "$oid": "5fbf0858aabeeb2800500b51"
  },
  "tweet": "@AlRajhiBank @noon اعطوني قسيمة نون 😭😭🙏🏻"
},{
  "_id": {
    "$oid": "5fbf0858aabeeb2800500b55"
  },
  "tweet": "@noon \nتم قبول طلب استرجاع برقم \nRNSACB00501824\nو لم يتم اعادة الرصيد لمحفظتي للآن و انا اريد ان اشتري نفس السلعة و لكن مقاس اكبر \nو اخشى ان ينتهي العرض.\nارجو سرعة رد المبلغ"
},{
  "_id": {
    "$oid": "5fbf0858aabeeb2800500b58"
  },
  "tweet": "@noon كود خصم نون ( مصر ) AZ725"
},{
  "_id": {
    "$oid": "5fbf2146aabeeb2800500c39"
  },
  "tweet": "RT @So_so_1440: @sesollse @noon انا مقاطعه لهم عبيت العربه للاسف وكنسلت اروح لعلي اكس برس او امزون  ماكنت اتوقع بينزلون لهذا المستوى وحده م…"
},{
  "_id": {
    "$oid": "5fbf2146aabeeb2800500c3a"
  },
  "tweet": "RT @So_so_1440: @noon كنت انوي ان  اطلب منكم ولكن بعد اعلانكم عند العارضه لجسدها قبل ان تعرض بضاعتكم المتضامنه مع قوم لوط المشككه في الدين…"
},{
  "_id": {
    "$oid": "5fbf2146aabeeb2800500c3b"
  },
  "tweet": "@noon تمت مقاطعتكم وحذف التطبيق بسبب اعلانكم لدى شخص مسئ للوطن... الوطن اولا 💚"
},{
  "_id": {
    "$oid": "5fbf2146aabeeb2800500c3c"
  },
  "tweet": "@noon طلبت طلب ولم يصلني في اليوم المحدد هل هذا طبيعي ؟"
},{
  "_id": {
    "$oid": "5fbf2146aabeeb2800500c3d"
  },
  "tweet": "@noon  بدي كود خصم لا ايفون ١٢"
},{
  "_id": {
    "$oid": "5fbf2146aabeeb2800500c3e"
  },
  "tweet": "@noon اهلين نون ابي كود خصم على كل شي يوصل ل خمسين ب الميه"
},{
  "_id": {
    "$oid": "5fbf2146aabeeb2800500c3f"
  },
  "tweet": "زهقتونا عرفنا ان عندكم عروض خلاص خلاص \n\n@noon"
},{
  "_id": {
    "$oid": "5fbf2146aabeeb2800500c40"
  },
  "tweet": "@eh_abdallah @noon هههههههه شكلك ساكن جنب متجر نون"
},{
  "_id": {
    "$oid": "5fbf3243aabeeb2800500c51"
  },
  "tweet": "@noon السلام عليكم عندي بطاقه رقميه للراجحي وابي اشتري منكم بس كيف يجي الخصم بعد الشراء منكم ماعرف"
},{
  "_id": {
    "$oid": "5fbf3243aabeeb2800500c52"
  },
  "tweet": "@Salma_Alyafeiy @noon #مقاطعة_اعلانات_هند_القحطاني\nوانا ايضا أعلنها وأهلي وقبيلتي جميعنا نعلن مقاطعة نون لاعلانها عند داعمة المثليين والشواذ وقاذفة الشعب السعودي ولمن باعت أهلها وقبيلتها وأرضها ووطنها في سبيل الطيش ونشر الفساد  #هند_القحطاني \nمقاطعة_نون"
},{
  "_id": {
    "$oid": "5fbf3243aabeeb2800500c53"
  },
  "tweet": "@noon ✅ كود خصم نون😍\nيعطي خصم على الخصم الاساسي\nخصومات نون تصل الى 80% + كوبون خصم اضافي🎁\nكود الخصم :  AT120\nانسخ كود الخصم : AT120"
},{
  "_id": {
    "$oid": "5fbf45faaabeeb2800500c5a"
  },
  "tweet": "@noon طلبت طلبية من موقعكم الفاشل ودفعت بالبطاقة وتم رفض عملية الدفع بالبطاقة وحولتها على الدفع عند الاستلام ولكن تفاجأت انه تم خصم المبلغ من بطاقتي وفي موقعكم جاني تم الرفض وتواصلت مع الدعم وكنك يبو زيد ما غزيت يعني الواحد الا يقدم بلاغ رسمي عشان ياخذ كم ريال؟!!!"
},{
  "_id": {
    "$oid": "5fbf45faaabeeb2800500c5d"
  },
  "tweet": "@noon تلوث بصري ههههههههههههههههههههههههههههههههههههههههههههههههههههههههههههههه https://t.co/gdgDL1SKTR"
},{
  "_id": {
    "$oid": "5fbf45faaabeeb2800500c60"
  },
  "tweet": "@AlRajhiBank @noon عند التحويل أو اضافة مستفيد تظهر لي هذه الرسالة WHILE_SEND_ERROR خطأ\nخطأ في النظام"
},{
  "_id": {
    "$oid": "5fbf45faaabeeb2800500c65"
  },
  "tweet": "@noon اسعار كااااذبه اجل تلفزيون ب 100الف https://t.co/4N5RIKGV7p"
},{
  "_id": {
    "$oid": "5fbf45faaabeeb2800500c66"
  },
  "tweet": "@noon @AlRajhiBank السلام عليكم خصم الراجحي كيف طريقه الخصم يعني احط الدفع عند الاستلام وادفع شبكه ويخصم ولا تحويل ردو علي ابي استفيد من الخصم"
},{
  "_id": {
    "$oid": "5fbf45faaabeeb2800500c67"
  },
  "tweet": "@KingSalman @PIFSaudi @f_alabdulkarim (مقزز)بعض التجار والتطبيقات نزلو لمستوى الحضيض ويعلنون عند التافهين والمحنطين والمشتتين اخرهم تطبيق (ن) شي مؤسف لايوجد إحترام للعميل شركة الشايع الكويتيه محمد علي العبار اعتقد لايهمكم نوع العميل لان المتابعين للتافهين أغبياء@noon_cares @noon"
},{
  "_id": {
    "$oid": "5fbf45faaabeeb2800500c5b"
  },
  "tweet": "@noon حبيت استفسر قايلين بطاقة الراجحي عليهازخصم 15٪ولما حاولت احط فلوس فيها فيها بطلب رفض في فترة الخصم ليش التناقض وهذي الصور برفقها هذا يعتبر تلاعب https://t.co/aHcrdoWtJP"
},{
  "_id": {
    "$oid": "5fbf45faaabeeb2800500c5c"
  },
  "tweet": "@noon ابغئ القي الطلبيه وارجع فلوسي لاني دفعت الكتروني"
},{
  "_id": {
    "$oid": "5fbf45faaabeeb2800500c5e"
  },
  "tweet": "@AlRajhiBank @noon تخصمون علي مبلغ والبطاقه ملغيه ليه"
},{
  "_id": {
    "$oid": "5fbf45faaabeeb2800500c5f"
  },
  "tweet": "@noon اقد دفعت 200 ريال عن طريق الفيزاء ولم احصل عل خصم 100 ريال او ماسترجع المبلغ الخصم عل المحفظه الرجاء المساعده https://t.co/8IGO1MKJnf"
},{
  "_id": {
    "$oid": "5fbf45faaabeeb2800500c61"
  },
  "tweet": "@noon  وصلت طلبيتي ناقصه ؟؟!!! وكاتبين تم التسليم ؟؟!!!"
},{
  "_id": {
    "$oid": "5fbf45faaabeeb2800500c63"
  },
  "tweet": "RT @noon: قدّم فكرتك وكن من المحظوظين، ساعدنا نحسن تجربة التسوق عندنا بأفكار رهيبة ولك فرصة تفوز بالجائزة الكبرى من منشآت🏆\n\nلتفاصيل أكثر: h…"
},{
  "_id": {
    "$oid": "5fbf5f209e9ff856d9f2dbcb"
  },
  "tweet": "@AlRajhiBank @noon وتجي للموظف داخل المصرف يقول النظام متعطل \nاذا الموضوع رسوم اخصم \nواذا الموضوع تتطفيش للعميل تم بنجاح \nوش سالفة النظام متعطل يوم الخميس هل هي عادة ام تجنب اخطاء تحدث اثناء صرف الراوتب الحكومية \n@AlRajhiBank \n@SAMA_GOV"
},{
  "_id": {
    "$oid": "5fbf5f209e9ff856d9f2dbcc"
  },
  "tweet": "اشتريت الاديداس فى شهر اكتوبر بسعر٣٤٩ ريالقبل التخفيضات السنويه وحبه وعليه حبه والحين نفس المنتج فى  التخفيضات الكبرى بسعر ٤٣٥ ريال وحبه وعليها حبه تخفيضات وهميه دى ولا ايه@noon https://t.co/V4D1iDcQ15"
},{
  "_id": {
    "$oid": "5fbf5f209e9ff856d9f2dbd0"
  },
  "tweet": "@noon طلبت طلبيات مدري تجي كلها مع نون اكسبرس و ياريت تجي سوا كللها وقت واحد مع شحنه وحدة"
},{
  "_id": {
    "$oid": "5fbf5f209e9ff856d9f2dbd2"
  },
  "tweet": "شركة نون بالاخير كاتبين website بدال location \n@noon https://t.co/9ZArnca7UO"
},{
  "_id": {
    "$oid": "5fbf5f209e9ff856d9f2dbd3"
  },
  "tweet": "@AlRajhiBank @noon السلام عليكم. عند حساب راجحي وابي افتح حساب ثاني بنفس الاسم هل اقدر افتح عن طريق النت بدون الذهاب للفرع؟؟؟"
},{
  "_id": {
    "$oid": "5fbf5f209e9ff856d9f2dbd4"
  },
  "tweet": "@noon  #نون مره اتعبتم انفسكم ع الخصم  انت والمشاهر كمان كذابين خصم ٥٠٪ اخر شي ريالين 🤣 https://t.co/z0IbLHVeFh"
},{
  "_id": {
    "$oid": "5fbf5f209e9ff856d9f2dbd5"
  },
  "tweet": "RT @noon: أكبر عرض بالسنة بحق وحقيقة!⚡\nتقدر تربح شقة من إعمار نوّنها بـ200 ريال  أو أكثر😍\nواستخدم كود: الجمعة، وتدخل السحب!💛\n\nادخل السحب عل…"
},{
  "_id": {
    "$oid": "5fbf5f209e9ff856d9f2dbd6"
  },
  "tweet": "@noon اشتريت اغراض من نون وبعضها جت غير الطلب وتم ارجاعها. كيف احصل مبلغ الاغراض الي رجعت ؟؟؟"
},{
  "_id": {
    "$oid": "5fbf5f209e9ff856d9f2dbd9"
  },
  "tweet": "@AlRajhiBank @noon السلام عليكم هل التحويل من بنك الراجحي الى بنك اخر عليه ضريبه ١٥%  للافراد"
},{
  "_id": {
    "$oid": "5fbf5f209e9ff856d9f2dbda"
  },
  "tweet": "@as_range @noon صح كلامك كلمتهم بالخاص قالو تابعنا عشان تعرف عروضنا انا وش علي من عروضكم !\nنعم نون تغير للأسف"
},{
  "_id": {
    "$oid": "5fbf5f209e9ff856d9f2dbdd"
  },
  "tweet": "#نون #noon شوضعهم ووضع توصيلهم كل يوم قطعه ومبلغ غير المبلغ المكتوب بالبرنامج.ومبلغ توصيل غير..#ايش_فيه_نون #العبدالكريم_يفضح_المحتالين @noon"
},{
  "_id": {
    "$oid": "5fbf5f209e9ff856d9f2dbde"
  },
  "tweet": "@AlRajhiBank @noon بطاقه الحساب الايبان فقدت كيف اطلعها من الفرع ولا من الصراف الآلي"
},{
  "_id": {
    "$oid": "5fbf5f209e9ff856d9f2dbdf"
  },
  "tweet": "@AlRajhiBank @noon لدي مشكله توصلني رسايل باسمي طلب تمويل    بعده بيوم وصلتني رساله تنفيذ التمويل وبرقم         انا مارحت ولاطلبت تمويل   ارجو الافاده"
},{
  "_id": {
    "$oid": "5fbf5f209e9ff856d9f2dbe0"
  },
  "tweet": "@noon_cares @noon @noon_cares\n@MCgovSA\nرقم الشحنه\nNSACB0080735534  بعد ان جاء المندوب اتصل بي و لكنه رفض ان يسلمني الشحنه و ذهب بعد ان وصل لموقعي؟؟ \n\n١- المندوب كان سيئ التعامل\n٢- انتظرت حسب الرساله و مكالمة المندوب لي و بعد ذلك لم استلم الشحنه!\n٣- خدمة العملاء لم يفيدني ب اي شي"
},{
  "_id": {
    "$oid": "5fbf5f209e9ff856d9f2dbe2"
  },
  "tweet": "@AlRajhiBank @noon صباح الخير حولت مبلغ لشخص بالغلط وطلع عنده ايقاف خدمات ماذا افعل ؟!"
},{
  "_id": {
    "$oid": "5fbf4c919e9ff856d9f2dbba"
  },
  "tweet": "@AlRajhiBank @noon السلام عليكم"
},{
  "_id": {
    "$oid": "5fbf4c919e9ff856d9f2dbbb"
  },
  "tweet": "@noon مرحبًا ، أريد استبدال منتج"
},{
  "_id": {
    "$oid": "5fbf4c919e9ff856d9f2dbbc"
  },
  "tweet": "@noon الرجاء الرد على الخاص"
},{
  "_id": {
    "$oid": "5fbf5f209e9ff856d9f2dbc6"
  },
  "tweet": "@AlRajhiBank @noon السلام عليكم انا عندي مشكله في الفيزا واحتاج اني الغاها"
},{
  "_id": {
    "$oid": "5fbf5f209e9ff856d9f2dbc7"
  },
  "tweet": "@noon ممكن تردون خاص."
},{
  "_id": {
    "$oid": "5fbf5f209e9ff856d9f2dbc9"
  },
  "tweet": "@AlRajhiBank @noon تطبيق الراجحي معلق من الصباح ما ادري اش المشكله ؟"
},{
  "_id": {
    "$oid": "5fbf5f209e9ff856d9f2dbca"
  },
  "tweet": "@AlRajhiBank @noon ملاحظة العطل فقط باصدار البطاقات والخدمة الذاتية  اما القروض شغال بامتياز 🤣\nشكراً مدير فرع 558 على الابتسامة\nشكراً @AlRajhiBank مصرف الراجحي"
},{
  "_id": {
    "$oid": "5fbf5f209e9ff856d9f2dbcd"
  },
  "tweet": "@noon ممكن تردون ب خاص !!"
},{
  "_id": {
    "$oid": "5fbf5f209e9ff856d9f2dbce"
  },
  "tweet": "@AlRajhiBank @noon ودي بس بطاقتي متنهية وابي اجددها والفرع 558 يرفض التجديد الا عن طريق الخدمة الذاتية والجهاز عطلان \n@AlRajhiBank \n@SAMA_GOV https://t.co/LsERiC5PFI"
},{
  "_id": {
    "$oid": "5fbf5f209e9ff856d9f2dbcf"
  },
  "tweet": "@AlRajhiBank @noon ᷂   ᷂السلام   ᷂عليكم. ارسلي خاص عندي استفسار"
},{
  "_id": {
    "$oid": "5fbf5f209e9ff856d9f2dbd1"
  },
  "tweet": "@noon  السلام عليكم عندي شحنة ايفون 12مدفوعة المفروض توصلني يوم 20بس غيرت الموقع والمندوب رجعها المستودع ولسى ماوصلتني والدعم الفني يماطلني؟؟اذا مافيه حل راح اتواصل مع وزارة التجارة واقدم بلاغ ؟"
},{
  "_id": {
    "$oid": "5fbf5f209e9ff856d9f2dbd7"
  },
  "tweet": "@noon يمدي الغي طلبيه تم شحنه؟"
},{
  "_id": {
    "$oid": "5fbf5f209e9ff856d9f2dbd8"
  },
  "tweet": "@33_11_33 @noon الحمدلله تم إعادة المبلغ في حسابي بعد اسبوعين بالضبط"
},{
  "_id": {
    "$oid": "5fbf5f209e9ff856d9f2dbdb"
  },
  "tweet": "@noon والله يا انتم كذابين لي شهر اطالبكم في فلوسي وبس تماطلون 🙃"
},{
  "_id": {
    "$oid": "5fbf5f209e9ff856d9f2dbdc"
  },
  "tweet": "@noon خراااطين\n\nولا ثد شفت حد فاز من العملاء مجرد دعايه وتسويق"
},{
  "_id": {
    "$oid": "5fbf5f209e9ff856d9f2dbe3"
  },
  "tweet": "Parang ang ganda neto ipaprint sa malaki. 😍\n\n@noon https://t.co/8qs6vSKguC"
},{
  "_id": {
    "$oid": "5fbf61a29e9ff856d9f2dbeb"
  },
  "tweet": "@mjeed369 @noon انا صار لي نفس هالموقف واخرها اعطاني كرت صغير اشتراك OSN مجاني \nوياني لعنت وسخطت والمندوب يقول سامحني انا مالي علاقة\nقلت له وين الجوال قال بيجيك ان شاء الله\nولي يومين ويتصل واحد ثاني  له ساعه عند الباب ينتظر الرقم السري حتى يسلمني الجوال واخرتها مشى\nبصراحه مسخرة بلا حدود https://t.co/c4WOtu0AcU"
},{
  "_id": {
    "$oid": "5fbf61a29e9ff856d9f2dbee"
  },
  "tweet": "كود خصم خاص المتابعين #كود_خصم #نون @noon https://t.co/ttHyQYK5Vf"
},{
  "_id": {
    "$oid": "5fbf61a29e9ff856d9f2dbec"
  },
  "tweet": "@AlRajhiBank @noon السلام عليكم تم خصم رسوم البطاقة الائتمانية علماً أنني لم أستلمها منذ أكثر من سنة لأن مندوب شركة الشحن كان يتواصل مع عند صلاة الفجر ولم اجيب على اتصاله"
},{
  "_id": {
    "$oid": "5fbf61a29e9ff856d9f2dbed"
  },
  "tweet": "@noon المندوب غير متجاوب اتصل فيه يعطيني مشغول"
},{
  "_id": {
    "$oid": "5fbf61a29e9ff856d9f2dbef"
  },
  "tweet": "@moksa711 @_y3wy @noon وغش وخداع للناس"
},{
  "_id": {
    "$oid": "5fbf61a29e9ff856d9f2dbf0"
  },
  "tweet": "@moksa711 @_y3wy @noon ايه عندي دليل لين اللحين مارجعت فلوسي"
},{
  "_id": {
    "$oid": "5fbf61a29e9ff856d9f2dbf1"
  },
  "tweet": "@moksa711 @_y3wy @noon انت محامي لشركة"
}]