[{
  "_id": {
    "$oid": "5fbf0858aabeeb2800500b49"
  },
  "tweet": "@noon السلام عليكم عندى طلبية عاوز أعمل لها إستعجال نظرا لسفرى يوم السبت الموافق ٢٩ نوفمبر\nNSACB0098315562\nشكرا جزيلا"
},{
  "_id": {
    "$oid": "5fbf0858aabeeb2800500b1f"
  },
  "tweet": "@noon كيييف استفيد من عرض قطعه علي وقطعه عليكم؟ماضبطت معي ابد"
},{
  "_id": {
    "$oid": "5fbf0858aabeeb2800500b3a"
  },
  "tweet": "@noon \nخلوكم حلوين وعطوني كود خصم حلو🙄✨"
},{
  "_id": {
    "$oid": "5fbf45faaabeeb2800500c64"
  },
  "tweet": "Trying to absorb the fact that @noon delivered the coupons I won by buying a laptop but.. not the actual laptop... 😅"
}]