[{
  "_id": {
    "$oid": "5fbf0858aabeeb2800500b34"
  },
  "tweet": "RT @noon: كيف تحافظ على طلبيتك؟\n\n#هلا_نون\n#عروض_الجمعة_الصفراء https://t.co/bKgfS07bY9"
},{
  "_id": {
    "$oid": "5fbf0858aabeeb2800500b0c"
  },
  "tweet": "@noon وانا مقاطعتكم خيبتوا ظنوننا👎🏻اعلن حذفي لتطبيقكم والسبب اعلانكم لدى الهاربة اللاجئة المسيئة للشعب السعودي رجال ونساء👎🏻 داعمة الشذووذ https://t.co/NzGr7EIVDJ"
},{
  "_id": {
    "$oid": "5fbf0858aabeeb2800500b46"
  },
  "tweet": "@noon تم ارسال رسالة على الخاص و بإنتظار ردكم"
},{
  "_id": {
    "$oid": "5fbf5f209e9ff856d9f2dbc8"
  },
  "tweet": "@_y3wy @noon دليلي"
},{
  "_id": {
    "$oid": "5fbf5f209e9ff856d9f2dbe1"
  },
  "tweet": "@nal3b @noon https://t.co/rgL3xEVsi5"
}]